性別,球員,#,聯盟,球隊,連結,現役,身份,新秀,聯盟身份,位置,身高,體重,生日,學歷,入隊方式,class,合約,,剩餘年限,備注,,2023-24 球隊,,GP,PPG,RPG,APG,自由球員狀態,,0
men,劉錚,11,中國 CBA,上海久事,https://www.cbaleague.com/data/#/playerMain?playerId=958480,active,local,,港澳台,SG/SF,195,87,1990/11/24,明道大學,加盟: 2020-21賽季,resigned,2024-25,1+1年 (俱樂部選項),1+1,,https://www.cbaleague.com/#/news-register/detail/66d582e7c8,中國 CBA,上海久事,41,11.7,4.8,3.7,續約 1+1年,https://www.cbaleague.com/#/news-register/detail/66d582e7c8,
men,陳盈駿,1,中國 CBA,北京首鋼,https://www.cbaleague.com/data/#/playerMain?playerId=100002141,active,local,,港澳台,PG,183,86,1993/06/09,NCAA D1 Liberty,交易 from 龍獅: 2024/08/29,,2023-24,3年,2,龍獅 交易至 北京首鋼,https://weibo.com/1859597684/N7xKfgWu8,,,,,, ,,,
men,林庭謙,0,中國 CBA,天津先行者,https://www.cbaleague.com/data/#/playerMain?playerId=100025767,active,local,2020Rookie,港澳台,PG,191,92,1999/10/31,NCAA D1 Bryant,2020 CBA 選秀 - #3 順位,,2023-24,3年,2,,https://weibo.com/2337547167/N8l2dpPWH,,,,,,,,,
men,林彥廷,0,中國 CBA,北京控股,https://www.cbaleague.com/data/#/playerMain?playerId=100012995,active,local,2023Rookie,港澳台,PG,184,85,2000/10/22,政治大學,2023 CBA 選秀 - #3 順位,,2023-24,2年,1,,https://www.cbaleague.com/#/news-register/detail/66d5833e9b,,,,,,,,,
men,林秉聖,0,中國 CBA,浙江廣廈,https://www.cbaleague.com/data/#/playerMain?playerId=100024772,active,local,,港澳台,PG/SG,184,75,1996/12/26,文化大學,2024 CBA 選秀 - #4 順位,,2024-25,2年,2,,https://www.cbaleague.com/#/news-register/detail/66d5804614,,,,,,,,,
men,陳將双,5,中國 CBA,南京同曦,https://www.cbaleague.com/data/#/playerMain?playerId=100097304,active,local,2024Rookie,港澳台,PG/SG,186,87,2002/10/16,世新大學,2024 CBA 選秀 - #8 順位,,2024-25,3年,3,,https://www.cbaleague.com/#/news-register/detail/66d5818434,,,,,,,,,
men,陳冠中,12,中國 CBA,吉林九台農商,https://www.cbaleague.com/data/#/playerMain?playerId=100097306,active,local,2024Rookie,港澳台,PG,187,88,2001/12/10,國立體大,2024 CBA 選秀 - #21 順位,,2024-25,3年,3,,https://www.cbaleague.com/#/news-register/detail/66d4320683,,,,,,,,,
men,阿巴西,0,日本 B1,秋田北部喜悅,https://www.bleague.jp/roster_detail/?PlayerID=51000384,active,local,2021Rookie,亞外,SG/SF,189,92,1998/04/27,世新大學,加盟: 2024/06/17,,2024-25,1+1年,1+1,,https://sports.ltn.com.tw/news/breakingnews/4707957,,,,,,,,,
men,游艾喆,7,日本 B1,滋賀湖泊,https://www.bleague.jp/roster_detail/?PlayerID=51000382,active,local,2024Rookie,亞外,PG,180,78,2002/02/14,政治大學,加盟: 2024/06/24,,2024-25,1年,1,,https://www.cna.com.tw/news/aspt/202406240270.aspx,,,,,,,,,
men,曾祥鈞,88,日本 B1,名古屋戰鷹,https://www.bleague.jp/roster_detail/?PlayerID=51000408,active,local,2020Rookie,亞外,C,205,95,1998/08/08,輔仁大學,加盟: 2024/07/15,,2024-25,1年,1,,https://sports.ettoday.net/news/2780706,PLG,braves,27,5.2,4.1,0.8,加盟 名古屋戰鷹,https://sports.ettoday.net/news/2780706,
men,孫思堯,20,日本 B3,金澤武士團,https://samuraiz.jp/team/players/detail/id=15854?PlayerID=47146,active,local,2020Rookie,亞外,C,200,100,1997/10/03,NCAA D2 NYIT,加盟: 2024/11/20,,2024-25,1年,,,https://www.instagram.com/p/DClFNMhz0XJ/,,,,,,,,,
men,賴廷恩,0,PLG,braves,https://pleagueofficial.com/player/40,active,local,,本土,G,176,70,1996/07/22,輔仁大學,2018 SBL 選秀 - #3 順位,,2021-22,3年,0,,https://www.instagram.com/p/CSI2d6-hL7j/,,,,,,,,,
men,沃特斯,1,PLG,braves,https://pleagueofficial.com/player/435,active,import,,洋將,C,208,113,1995/01/19,-,加盟: 2024/08/15,,2024-25,,,,,,,,,,,,,
men,摩爾特力,3,PLG,braves,https://pleagueofficial.com/player/467,active,import,,洋將,C,208,118,1990/11/18,-,加盟: 2024/11/22,,2024-25,,,,,,,,,,,,,
men,陳又瑋,4,PLG,braves,https://pleagueofficial.com/player/204,active,local,2021Rookie,本土,G,183,86,1999/12/29,臺灣師大,加盟: 2024/08/01,,2024-25,,,,,PLG,steelers,39,11.0,5.4,6.2,加盟 勇士,https://www.instagram.com/p/C-HPZ5vTbRD/,
men,吳永盛,6,PLG,braves,https://pleagueofficial.com/player/229,active,local,,本土,G,186,82,1996/10/19,NCAA D1 Sacramento St.,加盟: 2023-24賽季,,2023-24,,,,,,,,,,,,,
men,金恩,7,PLG,braves,https://pleagueofficial.com/player/437,active,import,,洋將,F,203,103,1995/08/05,-,加盟: 2024/07/23,,2024-25,,,,,,,,,,,,,
men,周桂羽,8,PLG,braves,https://pleagueofficial.com/player/46,active,local,2020Rookie,本土,F,193,95,1998/07/19,臺灣師大,加盟: 2020-21賽季,resigned,2024-25,,,,,PLG,braves,40,7.6,2.4,2.7,續約 複數年,https://www.instagram.com/p/C9gwnAKz3P-/,
men,洪楷傑,11,PLG,braves,https://pleagueofficial.com/player/235,active,local,2021Rookie,本土,G,185,85,1998/10/07,政治大學,交易 from 國王: 2022/08/08,resigned,2024-25,,,,,PLG,braves,32,5.5,2.0,1.8,續約 複數年,https://www.instagram.com/p/C9d-EpZz-td/?utm_source=ig_web_copy_link,
men,林志傑,12,PLG,braves,https://pleagueofficial.com/player/48,active,local,,本土,G,192,92,1982/06/11,文化大學,加盟: 2019-20賽季,resigned,2024-25,1年,1,,https://www.instagram.com/p/C8oYWPMvZEA/,PLG,braves,36,9.9,4.7,2.7,續約 1年,https://www.instagram.com/p/C8oYWPMvZEA/,
men,蔡文誠,14,PLG,braves,https://pleagueofficial.com/player/50,active,local,,本土,F,190,96,1985/05/31,彰化師大,加盟: 2016-17賽季,,2022-23,3年,1,,https://www.instagram.com/p/Ch_wkRPv_q1/,,,,,,,,,
men,林郅為,18,PLG,braves,https://pleagueofficial.com/player/286,active,local,,本土,C,200,105,1992/07/10,文化大學,加盟: 2024/07/18,,2024-25,,,,,PLG,steelers,36,3.8,1.8,0.3,複數年合約 加盟勇士,https://www.instagram.com/p/C9jHWRxTEqx/,
men,石博恩,23,PLG,braves,https://pleagueofficial.com/player/53,active,uba_import,2020Rookie,外籍生,F,198,95,1995/10/05,健行科大,加盟: 2020-21賽季,,2022-23,3年,1,,https://www.instagram.com/p/CgI9tC9vOWk/,,,,,,,,,
men,簡廷兆,24,PLG,braves,https://pleagueofficial.com/player/275,active,local,2022Rookie,本土,G,183,80,1998/01/16,健行科大,2022 PLG 選秀 - #6 順位,,2022-23,2+1年 (球隊選擇權),1,,https://www.instagram.com/p/Chtm6ItPP39/,,,,,,,,,
men,張鎮衙,27,PLG,braves,https://pleagueofficial.com/player/297,active,local,2022Rookie,本土,F,195,92,1999/10/13,政治大學,加盟: 2024/08/31,,2024-25,,,,,PLG,pilots,36,5.1,1.6,0.9,複數年合約 加盟勇士,https://www.instagram.com/p/C_UijfYTxtL/,
men,蔡鎮嶽,33,PLG,braves,https://pleagueofficial.com/player/361,active,local,2023Rookie,本土,F,197,93,2000/01/26,高雄師大,2023 PLG 選秀 - #6 順位,,2023-24,2+1年 (球隊選擇權),1+1,,https://www.instagram.com/p/CwFJ4TVPr4M/,,,,,,,,,
men,威希,55,PLG,braves,https://pleagueofficial.com/player/438,active,import,,洋將,C,213,109,1990/03/07,-,加盟: 2024/08/26,,2024-25,,,,,,,,,,,,,
men,莫巴耶,00,PLG,braves,https://pleagueofficial.com/player/439,active,uba_import,2024Rookie,外籍生,F,100,105,2001/01/01,政治大學,2024 PLG 選秀 - #1 順位,,2024-25,,,,,,,,,,,,,
men,陳昱瑞,2,PLG,pilots,https://pleagueofficial.com/player/219,active,local,,本土,G,185,81,1995/12/22,國立體大,加盟: 2021-22賽季,resigned,2024-25,5年,5,,https://www.instagram.com/p/C8_XoZgS-m1/?img_index=3,PLG,pilots,37,3.2,1.7,1.3,續約 5年,https://www.instagram.com/p/C8_XoZgS-m1/?img_index=3,
men,陳力生,3,PLG,pilots,https://pleagueofficial.com/player/440,active,local,2024Rookie,本土,G,175,68,2002/09/16,國立體大,2024 PLG 選秀 - #4 順位,,2024-25,,,,,,,,,,,,,
men,關達祐,6,PLG,pilots,https://pleagueofficial.com/player/58,active,local,2020Rookie,本土,G,182,77,1997/09/15,國立體大,加盟: 2020-21賽季,resigned,2024-25,5年,5,,https://www.instagram.com/p/C8_XoZgS-m1/?img_index=2,PLG,pilots,38,2.5,1.5,1.7,續約 5年,https://www.instagram.com/p/C8_XoZgS-m1/?img_index=2,
men,喬楚瑜,7,PLG,pilots,https://pleagueofficial.com/player/365,active,local,2023Rookie,本土,F,198,98,2000/09/28,輔仁大學,2023 PLG 選秀 - #2 順位,,2023-24,,,,,,,,,,,,,
men,林子洧,10,PLG,pilots,https://pleagueofficial.com/player/294,active,local,2022Rookie,本土,G,188,82,2000/05/12,高雄師大,2022 PLG 選秀 - #7 順位,,2022-23,,,,,,,,,,,,,
men,李家慷,12,PLG,pilots,https://pleagueofficial.com/player/218,active,local,,本土,G,186,85,1998/10/16,國立體大,加盟: 2021-22賽季,resigned,,5年,,提前續約,https://www.instagram.com/p/DAXzWTwz5Uy/,,,,,,,,,
men,丁恩迪,16,PLG,pilots,https://pleagueofficial.com/player/293,active,uba_import,2022Rookie,外籍生,C,206,110,1998/08/01,政治大學,2022 PLG 選秀 - #4 順位,,2022-23,,,,,,,,,,,,,
men,伯朗,21,PLG,pilots,https://pleagueofficial.com/player/252,active,import,,洋將,C,216,107,1992/07/23,-,加盟: 2023-24賽季,resigned,2024-25,,,,,,,,,,,,,
men,葛拉漢,24,PLG,pilots,https://pleagueofficial.com/player/411,active,import,,洋將,F,198,100,1993/10/28,-,加盟: 2023-24賽季,resigned,2024-25,,,,,,,,,,,,,
men,林正,25,PLG,pilots,https://pleagueofficial.com/player/64,active,local,2020Rookie,本土,C,205,107,2000/07/25,國立體大,加盟: 2020-21賽季,,2020-21,,,,,,,,,,,,,
men,白曜誠,30,PLG,pilots,https://pleagueofficial.com/player/298,active,local,2022Rookie,本土,G,182,77,1999/02/02,義守大學,2022 PLG 選秀 - #3 順位,,2022-23,,,,,,,,,,,,,
men,布依德,42,PLG,pilots,https://pleagueofficial.com/player/213,active,import,,洋將,F,201,110,1990/02/02,-,加盟: 2024/08/28,,2024-25,,,,,,,,,,,,,
men,瓊斯,45,PLG,pilots,https://pleagueofficial.com/player/464,active,import,,洋將,F,206,104,1990/05/27,-,加盟: 2024/08/14,,2024-25,,,,,,,,,,,,,
men,盧峻翔,69,PLG,pilots,https://pleagueofficial.com/player/226,active,local,2020Rookie,本土,G,188,88,1997/07/15,輔仁大學,加盟: 2021-22賽季,resigned,2024-25,5年,5,,https://www.instagram.com/p/C8_XoZgS-m1/?img_index=1,PLG,pilots,37,16.8,4.1,3.3,續約 5年,https://www.instagram.com/p/C8_XoZgS-m1/?img_index=1,
men,張志豪,2,PLG,ghosthawks,https://pleagueofficial.com/player/441,active,local,2024Rookie,本土,PG,176,70,2001/12/29,臺灣體大,2024 PLG 選秀 - #5 順位,,2024-25,,,,,,,,,,,,,
men,谷毛唯嘉,3,PLG,ghosthawks,https://pleagueofficial.com/player/442,active,local,2022Rookie,本土,PG,175,68,1999/12/04,健行科大,2022 T1 選秀 - R1 指名,resigned,2024-25,,,提前換約,,,,,,,,,,
men,翟蒙,4,PLG,ghosthawks,https://pleagueofficial.com/player/443,active,import,,洋將,PF,203,111,1992/05/28,-,加盟: 2024/08/06,,2024-25,,,,,,,,,,,,,
men,白薩,6,PLG,ghosthawks,https://pleagueofficial.com/player/444,active,uba_import,2022Rookie,外籍生,PG/SG,183,72,1997/10/30,宏國德霖,加盟: 2023-24賽季,resigned,2024-25,,,提前換約,,,,,,,,,,
men,种義仁,7,PLG,ghosthawks,https://pleagueofficial.com/player/453,active,taiwanese,,華裔,SG,187,84,2001/06/21,NCAA D3 Pacific,加盟: 2024/08/14,,2024-25,,,,,,,,,,,,,
men,李允傑,8,PLG,ghosthawks,https://pleagueofficial.com/player/445,active,local,2024Rookie,本土,SF,188,83,2000/08/21,政治大學,2024 PLG 選秀 - #2 順位,,2024-25,,,,,,,,,,,,,
men,飛雷神,11,PLG,ghosthawks,https://pleagueofficial.com/player/446,active,import,,洋將,PG,193,81,1992/07/23,-,加盟: 2024/08/11,,2024-25,,,,,,,,,,,,,
men,謝宗融,13,PLG,ghosthawks,https://pleagueofficial.com/player/274,active,local,,本土,C,199,98,1995/08/16,臺灣科大,加盟: 2024/08/20,,2024-25,,,,,PLG,braves,16,3.1,2.0,0.1,加盟 獵鷹,https://www.instagram.com/p/C-4VJ0PTqUI/,
men,蓋比,18,PLG,ghosthawks,https://pleagueofficial.com/player/1JhE0aVJ,active,uba_import,2022Rookie,外籍生,F,195,90,1997/12/15,萬能科大,加盟: 2024/12/13,,2024-25,,,,,SBL,beer,18,14.6,5.9,1.5,加盟 獵鷹,https://www.instagram.com/p/DDgSGJRTqdH/,
men,呂冠霆,21,PLG,ghosthawks,https://pleagueofficial.com/player/447,active,local,,本土,SF/PF,197,98,1992/10/13,臺灣藝大,加盟: 2022-23賽季,resigned,2024-25,,,提前換約,,,,,,,,,,
men,郭少傑,24,PLG,ghosthawks,https://pleagueofficial.com/player/47,active,local,,本土,SF/PF,192,84,1990/04/09,東南科大,加盟: 2023-24賽季,,2023-24,,,,,,,,,,,,,
men,赤崁,27,PLG,ghosthawks,https://pleagueofficial.com/player/448,active,import,,洋將,C,211,125,1993/02/20,-,加盟: 2024/08/17,,2024-25,,,,,,,,,,,,,
men,韓杰諭,29,PLG,ghosthawks,https://pleagueofficial.com/player/449,active,local,2022Rookie,本土,SF/PF,193,95,1999/12/17,國立體大,2022 T1 選秀 - R1 指名,,2022-23,,,,,,,,,,,,,
men,鉑金,33,PLG,ghosthawks,https://pleagueofficial.com/player/450,active,import,,洋將,PF,203,115,1996/10/15,-,加盟: 2024/07/30,,2024-25,,,,,,,,,,,,,
men,劉駿霆,56,PLG,ghosthawks,https://pleagueofficial.com/player/451,active,local,2021Rookie,本土,SF,187,77,1999/03/31,健行科大,2021 T1 選秀 - R4 指名,,2024-25,,,,,,,,,,,,,
men,張博勝,68,PLG,ghosthawks,https://pleagueofficial.com/player/452,active,local,,本土,PG/SG,186,89,1987/02/02,臺灣藝大,加盟: 2023-24賽季,,2023-24,,,,,,,,,,,,,
men,吳岱豪,54,PLG,ghosthawks,https://pleagueofficial.com/player/71,away,local,,本土,C,203,105,1985/02/07,臺灣師大,加盟: 2022-23賽季,,2023-24,,,,,,,,,,,,,
men,陳鈺安,0,PLG,steelers,https://pleagueofficial.com/player/462,active,local,2022Rookie,本土,F,192,90,2000/05/26,北市大學,加盟: 2024/09/16,,2024-25,,,,,T1,dea,2,0.0,0.0,0.0,加盟 鋼鐵人,https://www.instagram.com/p/C_95orbz_xJ/,
men,艾賽亞,1,PLG,steelers,https://pleagueofficial.com/player/463,active,import,,洋將,G,191,98,1996/04/13,-,加盟: 2024/09/09,,2024-25,,,,,,,,,,,,,
men,劉承彥,3,PLG,steelers,https://pleagueofficial.com/player/376,active,local,2023Rookie,本土,G,173,74,2001/07/08,義守大學,2023 PLG 選秀 - #8 順位,,2023-24,,,,,,,,,,,,,
men,李威廷,4,PLG,steelers,https://pleagueofficial.com/player/288,active,local,2022Rookie,本土,G,181,85,1999/10/03,世新大學,加盟: 2024/08/02,,2024-25,,,,,PLG,kings,19,4.6,1.0,0.6,加盟 鋼鐵人,https://www.instagram.com/p/C-J0Wnzzaqp/,
men,劉彥廷,7,PLG,steelers,https://pleagueofficial.com/player/454,active,local,2023Rookie,本土,F,196,98,2000/01/07,僑光科大,加盟: 2024/07/25,,2024-25,,,,,T1,mars,7,1.6,0.7,0.3,加盟 鋼鐵人,https://www.instagram.com/p/C91VCHaTPTG/,
men,林心翔,8,PLG,steelers,https://pleagueofficial.com/player/455,active,local,2024Rookie,本土,G,185,80,2001/04/09,臺灣師大,2024 PLG 選秀 - #10 順位,,2024-25,,,,,,,,,,,,,
men,莊朝勝,9,PLG,steelers,https://pleagueofficial.com/player/456,active,local,2024Rookie,本土,G,176,74,2003/02/09,政治大學,2024 PLG 選秀 - #6 順位,,2024-25,,,,,,,,,,,,,
men,普萊斯,11,PLG,steelers,https://pleagueofficial.com/player/465,active,import,,洋將,F,206,113,1996/07/29,-,加盟: 2024/10/25,,2024-25,,,,,,,,,,,,,
men,高瑋倫,13,PLG,steelers,https://pleagueofficial.com/player/457,active,local,2024Rookie,本土,G,185,78,2001/12/15,萬能科大,加盟: 2024/08/09,,2024-25,,,,,,,,,,,,,
men,陳范柏彥,23,PLG,steelers,https://pleagueofficial.com/player/270,active,local,2022Rookie,本土,F,193,95,2000/01/24,健行科大,交易 from 勇士: 2024/07/12,trade,2022-23,2+1年 (球隊選擇權),1,勇士 交易至 鋼鐵人,https://www.instagram.com/p/ChtmpARvJiy/,,,,,,,,,
men,喬迪,32,PLG,steelers,https://pleagueofficial.com/player/458,active,import,,洋將,C,211,122,1996/11/04,-,加盟: 2024/09/19,,2024-25,,,,,,,,,,,,,
men,丹尼爾,35,PLG,steelers,https://pleagueofficial.com/player/378,active,uba_import,2023Rookie,外籍生,C,207,102,2000/08/07,世新大學,2023 PLG 選秀 - #4 順位,,2023-24,,,,,,,,,,,,,
men,馬克斯,37,PLG,steelers,https://pleagueofficial.com/player/459,active,uba_import,2024Rookie,外籍生,F,198,97,2000/05/10,虎尾科大,2024 PLG 選秀 - #3 順位,,2024-25,,,,,,,,,,,,,
men,王凱裕,42,PLG,steelers,https://pleagueofficial.com/player/460,active,local,2024Rookie,本土,F,190,85,2002/01/11,政治大學,2024 PLG 選秀 - #7 順位,,2024-25,,,,,,,,,,,,,
men,威爾,62,PLG,steelers,https://pleagueofficial.com/player/00EyPr3Z,active,import,,洋將,F,203,100,1992/11/09,-,加盟: 2024/12/08,,2024-25,,,,,,,,,,,,,
men,朱育君,77,PLG,steelers,https://pleagueofficial.com/player/461,active,local,2024Rookie,本土,G,183,80,2000/11/22,高雄師大,2024 PLG 選秀 - #11 順位,,2024-25,,,,,,,,,,,,,
men,羅賓森,1,TPBL,mars,https://tpbl.basketball/players/2999,active,import,,洋將,SF/PF,208,107,1991/03/17,-,加盟: 2024/11/30,,2024-25,,,,,,,,,,,,,
men,麥卡倫,2,TPBL,mars,https://tpbl.basketball/players/3000,active,import,,洋將,PG/SG,190,86,1991/06/12,-,加盟: 2024/11/08,,2024-25,,,,,,,,,,,,,
men,丁聖儒,3,TPBL,mars,https://tpbl.basketball/players/1,active,local,2021Rookie,本土,PG,174,75,1998/08/22,NAIA St. Francis (III.),加盟: 2023-24賽季,,2023-24,,,,,,,,,,,,,
men,江 均,6,TPBL,mars,https://tpbl.basketball/players/2,active,local,2024Rookie,本土,SF,193,93,2001/09/11,輔仁大學,2024 TPBL 選秀 - #6 順位,,2024-25,,,,,,,,,,,,,
men,陳文宏,8,TPBL,mars,https://tpbl.basketball/players/3,active,local,,本土,SF,188,98,1991/07/14,國立體大,加盟: 2023-24賽季,,2023-24,,,,,,,,,,,,,
men,張兆辰,9,TPBL,mars,https://tpbl.basketball/players/4,active,local,2023Rookie,本土,PF,196,97,2000/09/02,臺灣師大,2023 T1 選秀 - #3 順位,,2023-24,,,,,,,,,,,,,
men,黃聰翰,11,TPBL,mars,https://tpbl.basketball/players/5,active,local,,本土,SF,193,96,1994/07/07,明道大學,交易 from 雲豹: 2023/07/12,trade,,,,雲豹 交易至 戰神,,,,,,,,,,
men,林宜輝,12,TPBL,mars,https://tpbl.basketball/players/6,active,local,,本土,PF,192,100,1986/03/24,臺灣師大,加盟: 2023-24賽季,,2023-24,2年,1,,https://sports.ettoday.net/news/2582609,,,,,,,,,
men,米勒,13,TPBL,mars,https://tpbl.basketball/players/16,active,import,,洋將,SF,201,95,1993/03/06,-,加盟: 2024/09/07,,2024-25,,,,,,,,,,,,,
men,赫里斯-傑佛森,15,TPBL,mars,,active,import,,洋將,F,198,-,1991/06/26,-,加盟: 2024/12/23,,2024-25,,,,,,,,,,,,,
men,錢肯尼,23,TPBL,mars,https://tpbl.basketball/players/14,active,taiwanese,,華裔,SG,186,88,1995/02/06,NJCAA Broward,加盟: 2024/07/31,,2024-25,,,,,PLG,dreamers,35,4.5,1.8,1.4,加盟 戰神,https://www.instagram.com/p/C-E5a9Czerc/,
men,王律翔,24,TPBL,mars,https://tpbl.basketball/players/8,active,local,2021Rookie,本土,SG,181,80,1997/12/21,中州科大,加盟: 2024/08/01,,2024-25,,,,,PLG,steelers,39,7.0,1.6,0.8,加盟 戰神,https://www.instagram.com/p/C-HzgWpToas/,
men,張耕淯,29,TPBL,mars,https://tpbl.basketball/players/9,active,local,,本土,SG,188,88,1995/10/16,臺灣體大,加盟: 2023-24賽季,,2023-24,,,,,,,,,,,,,
men,雷蒙恩,33,TPBL,mars,https://tpbl.basketball/players/10,active,local,2024Rookie,本土,PG/SG,197,91,2000/09/24,NCAA D1 UC Davis,2024 TPBL 選秀 - #1 順位,,2024-25,,,,,,,,,,,,,
men,蘇奕晉,41,TPBL,mars,https://tpbl.basketball/players/11,active,local,,本土,PF,195,95,1993/12/29,明道大學,加盟: 2024/07/12,,2024-25,,,,,T1,ghosthawks,20,5.3,2.4,1.6,加盟 戰神,https://www.instagram.com/p/C9UGBFXzLjr/,
men,艾力克,50,TPBL,mars,https://tpbl.basketball/players/3001,active,import,,洋將,C,210,109,1988/06/24,-,加盟: 2024/11/08,,2024-25,,,,,,,,,,,,,
men,曹薰襄,57,TPBL,mars,https://tpbl.basketball/players/12,active,local,2022Rookie,本土,SG,181,81,1999/03/16,臺灣藝大,加盟: 2023-24賽季,,2023-24,,1,合約年,,,,,,,,,,
men,陳冠全,62,TPBL,mars,https://tpbl.basketball/players/13,active,local,,本土,C,197,105,1993/12/30,國立體大,加盟: 2024/07/05,,2024-25,,,,,PLG,steelers,35,2.2,1.9,0.7,加盟 戰神,https://www.instagram.com/p/C9B9QhIyk-K/,
men,林秉聖,-,TPBL,mars,https://www.cbaleague.com/data/#/playerMain?playerId=100024772,away,local,,本土,-,184,77,1996/12/26,文化大學,加盟: 2023-24賽季,,2023-24,3年,2,行使旅外條款,https://www.instagram.com/p/C86BYiGypua/,,,,,,,,,
men,孫思堯,20,TPBL,mars,https://tpbl.basketball/players/7,away,local,2020Rookie,本土,C,203,105,1997/10/03,NCAA D2 NYIT,加盟: 2023-24賽季,,2023-24,,,旅日一賽季,https://www.instagram.com/p/DClFNMhz0XJ/,,,,,,,,,
men,李睿麒,1,TPBL,dea,https://tpbl.basketball/players/35,active,local,,本土,SF/PF,193,87,1993/01/07,首府大學,加盟: 2024/08/02,,2024-25,1+1年,1+1,,https://www.instagram.com/p/C-KMH95zjHa/,PLG,steelers,15,4.1,2.9,0.4,1+1年合約 加盟特攻,https://www.instagram.com/p/C-KMH95zjHa/,
men,劉人豪,2,TPBL,dea,https://tpbl.basketball/players/36,active,local,,本土,PG,175,70,1995/11/10,健行科大,加盟: 2022-23賽季,,2022-23,1年,,,https://www.instagram.com/p/CjRxEBbPr7f/,,,,,,,,,
men,劉旻諺,4,TPBL,dea,https://tpbl.basketball/players/37,active,local,2021Rookie,本土,SF/PF,195,85,1999/12/04,高雄師大,2021 T1 選秀 - R4 指名,,2021-22,,,,,,,,,,,,,
men,余維豪,5,TPBL,dea,https://tpbl.basketball/players/38,active,local,2024Rookie,本土,PG,174,70,2001/10/24,臺灣藝大,2024 TPBL 選秀 - #5 順位,,2024-25,,,,,,,,,,,,,
men,魏嘉豪,7,TPBL,dea,https://tpbl.basketball/players/39,active,local,2021Rookie,本土,PG,182,78,2000/01/13,輔仁大學,2021 T1 選秀 - R2 指名,resigned,2024-25,2年,2,,https://www.instagram.com/p/C9ek6ldza-g/,T1,dea,27,3.5,1.3,1.9,續約 2年,https://www.instagram.com/p/C9ek6ldza-g/,
men,德芬,8,TPBL,dea,https://tpbl.basketball/players/4986,active,import,,洋將,SF/PF,200,104,1997/05/01,-,加盟: 2024/12/12,,2024-25,,,,,,,,,,,,,
men,克力斯,9,TPBL,dea,https://tpbl.basketball/players/51,active,import,,洋將,C,208,111,1990/12/28,-,加盟: 2022-23賽季,resigned,2024-25,,,,,,,,,,,,,
men,謝亞軒,10,TPBL,dea,https://tpbl.basketball/players/40,active,local,2021Rookie,本土,SG,187,81,1998/10/30,健行科大,2021 T1 選秀 - R1 指名,,2021-22,2+1年 (球員選擇權),0,,https://today.line.me/tw/v2/article/BE8wRe6,,,,,,,,,
men,周承睿,11,TPBL,dea,https://tpbl.basketball/players/41,active,local,2021Rookie,本土,PF,193,82,2000/02/24,文化大學,2021 T1 選秀 - R5 指名,,2021-22,,,,,,,,,,,,,
men,林韋翰,16,TPBL,dea,https://tpbl.basketball/players/43,active,local,,本土,PG,180,71,1990/07/09,輔仁大學,加盟: 2021-22賽季,,2021-22,3年,1,,https://sports.ettoday.net/news/2211173,,,,,,,,,
men,黃泓瀚,22,TPBL,dea,https://tpbl.basketball/players/44,active,local,,本土,SF/PF,192,92,1994/10/15,健行科大,加盟: 2023-24賽季,,2023-24,,,,,,,,,,,,,
men,葛瑞飛,25,TPBL,dea,https://tpbl.basketball/players/53,active,import,,洋將,PF,203,107,1998/04/30,-,加盟: 2024/08/06,,2024-25,,,,,,,,,,,,,
men,施晉堯,28,TPBL,dea,https://tpbl.basketball/players/45,active,local,,本土,SG,188,86,1990/10/28,文化大學,加盟: 2024/07/18,,2024-25,,,,,PLG,steelers,32,7.0,2.7,2.6,複數年合約 加盟特攻,https://www.instagram.com/p/C9jaEU2TY_a/,
men,柯南,33,TPBL,dea,https://tpbl.basketball/players/1859,active,import,,洋將,PG,185,85,1995/07/16,-,加盟: 2024/11/04,,2024-25,,,,,,,,,,,,,
men,徐宇煇,34,TPBL,dea,https://tpbl.basketball/players/46,active,local,2024Rookie,本土,PG/SG,182,93,2001/10/13,國立體大,加盟: 2024/09/25,,2024-25,1年,1,,https://www.instagram.com/p/DAVZW6zT1L1/,,,,,,,,,
men,林孟學,37,TPBL,dea,https://tpbl.basketball/players/59,active,local,,本土,SF/PF,195,92,1992/10/14,國立體大,交易 from 雲豹: 2024/12/02,,2024-25,,,,,PLG,braves,5,2.6,1.6,0.4,加盟 雲豹,https://www.instagram.com/p/DAXlLzIhSHF/,
men,奈森,55,TPBL,dea,https://tpbl.basketball/players/4851,active,import,,洋將,SF/PF,213,111,1996/12/05,-,加盟: 2024/12/17,,2024-25,,,,,,,,,,,,,
men,曾文鼎,76,TPBL,dea,https://tpbl.basketball/players/47,active,local,,本土,C,204,98,1984/07/06,北市大學,加盟: 2022-23賽季,,2022-23,3年,1,,https://www.instagram.com/p/CjH9gCtPX8y/,,,,,,,,,
men,李沛澄,77,TPBL,dea,https://tpbl.basketball/players/48,active,local,2023Rookie,本土,PG/SG,181,79,2000/10/25,輔仁大學,2023 T1 選秀 - #6 順位,,2023-24,,,,,,,,,,,,,
men,林書緯,1,TPBL,kings,https://tpbl.basketball/players/29,active,taiwanese,,華裔,PG/SG,185,73,1992/06/21,NCAA D3 Hamilton,交易 from 勇士: 2022/08/08,,2022-23,,,,,,,,,,,,,
men,蘇培凱,2,TPBL,kings,https://tpbl.basketball/players/19,active,local,2023Rookie,本土,PG/SG,187,83,1999/11/02,臺灣藝大,2023 PLG 選秀 - #5 順位,,2023-24,,,,,,,,,,,,,
men,陳俊男,3,TPBL,kings,https://tpbl.basketball/players/20,active,local,2021Rookie,本土,SF/PF,190,90,2000/04/20,國立體大,2021 PLG 選秀 - #3 順位,,2023-24,,,提前續約,,,,,,,,,,
men,強森,5,TPBL,kings,https://tpbl.basketball/players/31,active,import,,洋將,C,211,105,1985/07/17,-,加盟: 2024/07/24,,2024-25,,,,,,,,,,,,,
men,林書豪,7,TPBL,kings,https://tpbl.basketball/players/30,active,taiwanese,,華裔,PG/SG,192,95,1988/08/23,NCAA D1 Harvard,加盟: 2023-24賽季,resigned,2023-24,1+1年 (球員選擇權),1,,https://www.instagram.com/p/CxXnALWPVx7/,,,,,,,,,
men,李愷諺,9,TPBL,kings,https://tpbl.basketball/players/21,active,local,,本土,PG/SG,182,80,1993/05/06,醒吾科大,加盟: 2021-22賽季,resigned,2024-25,3年,3,,https://www.instagram.com/p/C9jQqHZv06I/,,,,,,,,,
men,簡祐哲,10,TPBL,kings,https://tpbl.basketball/players/22,active,local,,本土,PG/SG,180,80,1995/09/10,健行科大,加盟: 2021-22賽季,,2023-24,,,提前續約,,,,,,,,,,
men,王柏智,11,TPBL,kings,https://tpbl.basketball/players/23,active,local,,本土,C,195,130,1996/10/29,國立體大,加盟: 2023-24賽季,,2023-24,,,,,,,,,,,,,
men,呂政儒,13,TPBL,kings,https://tpbl.basketball/players/28,active,local,,本土,SF/PF,194,93,1986/04/13,文化大學,加盟: 2024/07/15,,2024-25,,,,,PLG,steelers,11,12.9,2.7,2.8,加盟 國王,https://www.instagram.com/p/C9bz-5IPFii/,
men,蘇士軒,17,TPBL,kings,https://tpbl.basketball/players/24,active,local,2020Rookie,本土,SF/PF,197,95,1996/04/09,臺灣師大,加盟: 2023-24賽季,resigned,2024-25,,,,,PLG,kings,35,5.5,4.1,0.8,完成續約,https://www.instagram.com/p/C86HindPNLV/,
men,林金榜,19,TPBL,kings,https://tpbl.basketball/players/25,active,local,,本土,SF/PF,190,90,1985/06/15,臺灣體大,加盟: 2022-23賽季,,2022-23,,,,,,,,,,,,,
men,洪志善,24,TPBL,kings,https://tpbl.basketball/players/26,active,local,,本土,PG/SG,176,75,1985/07/05,臺北科大,加盟: 2021-22賽季,,2023-24,2年,1,,https://youtu.be/0_EQN9t68-E?si=A0aQETF57LeM_fdV&t=220,,,,,,,,,
men,奧帝,25,TPBL,kings,https://tpbl.basketball/players/32,active,import,,洋將,SF/PF,207,91,1988/06/05,-,加盟: 2023-24賽季,resigned,2024-25,,,,,,,,,,,,,
men,桑尼,31,TPBL,kings,https://tpbl.basketball/players/867,active,import,,亞外,SF/PF,204,102,1988/08/19,-,加盟: 2024/10/09,,2024-25,,,,,,,,,,,,,
men,沃許本,42,TPBL,kings,https://tpbl.basketball/players/34,active,import,,洋將,C,213,111,1990/06/05,-,加盟: 2024/08/01,,2024-25,,,,,,,,,,,,,
men,曼尼高,55,TPBL,kings,https://tpbl.basketball/players/33,active,import,,洋將,SF/PF,196,95,1991/05/22,-,加盟: 2022-23賽季,resigned,2024-25,,,,,,,,,,,,,
men,林力仁,72,TPBL,kings,https://tpbl.basketball/players/27,active,local,,本土,PG/SG,183,85,1990/06/16,明道大學,加盟: 2021-22賽季,,2023-24,,,,,,,,,,,,,
men,史密斯,0,TPBL,leopards,https://tpbl.basketball/players/3653,active,import,,洋將,SF/PF,208,100,1997/10/28,-,加盟: 2024/12/06,,2024-25,,,,,,,,,,,,,
men,高錦瑋,5,TPBL,leopards,https://tpbl.basketball/players/54,active,local,2023Rookie,本土,PG,177,66,2000/10/23,健行科大,2023 T1 選秀 - #2 順位,,2023-24,,,,,,,,,,,,,
men,汪哲宇,8,TPBL,leopards,https://tpbl.basketball/players/55,active,local,2024Rookie,本土,SG,190,88,2002/03/18,臺灣科大,2024 TPBL 選秀 - #3 順位,,2024-25,,,,,,,,,,,,,
men,丁冠皓,10,TPBL,leopards,https://tpbl.basketball/players/56,active,local,2023Rookie,本土,SF/PF,192,86,2000/10/23,健行科大,交易 from 夢想家: 2024/07/08,trade,2023-24,,,夢想家 交易至 雲豹,,,,,,,,,,
men,莊博元,11,TPBL,leopards,https://tpbl.basketball/players/57,active,local,2024Rookie,本土,PG/SG,185,85,2000/12/01,輔仁大學,2024 TPBL 選秀 - #9 順位,,2024-25,,,,,,,,,,,,,
men,林信寬,12,TPBL,leopards,https://tpbl.basketball/players/58,active,local,2023Rookie,本土,SF/PF,192,97,2002/05/09,臺灣師大,2023 T1 選秀 - #1 順位,,2023-24,,,,,,,,,,,,,
men,克羅馬,24,TPBL,leopards,https://tpbl.basketball/players/68,active,import,,洋將,SF,198,91,1991/06/24,-,加盟: 2023-24賽季,resigned,2024-25,,,,,,,,,,,,,
men,黃鎮,27,TPBL,leopards,https://tpbl.basketball/players/60,active,local,,本土,SF,193,86,1990/06/27,輔仁大學,加盟: 2023-24賽季,resigned,2024-25,,,,,T1,leopards,26,4.1,1.8,0.8,完成續約,https://www.instagram.com/p/C-64UgfhM9h/?img_index=1,
men,陳俊翰,28,TPBL,leopards,https://tpbl.basketball/players/61,active,local,2020Rookie,本土,SF/PF,196,90,1996/03/20,康寧大學,加盟: 2024/09/27,,2024-25,,,,,SBL,bank,2,4.0,0.5,0.5,加盟 雲豹,https://www.instagram.com/p/DAaKGhRB4Gh/,
men,董永全,31,TPBL,leopards,,active,local,2022Rookie,本土,-,191,-,1999/10/14,臺灣師大,加盟: 2024/07/31,,2024-25,,,,,,,,,,,,,
men,王皓吉,33,TPBL,leopards,https://tpbl.basketball/players/62,active,local,,本土,SF/PF,195,95,1989/09/22,醒吾科大,加盟: 2024/07/31,,2024-25,,,,,,,,,,,,,
men,威廉斯,41,TPBL,leopards,https://tpbl.basketball/players/69,active,import,,洋將,PF,206,122,1994/05/31,-,加盟: 2023-24賽季,resigned,2024-25,,,,,,,,,,,,,
men,艾吉,55,TPBL,leopards,https://tpbl.basketball/players/5258,active,import,,洋將,C,208,108,1992/09/01,-,加盟: 2024/12/21,,2024-25,,,,,,,,,,,,,
men,呂濟而,72,TPBL,leopards,https://tpbl.basketball/players/63,active,local,,本土,PG,187,80,1992/01/15,高雄師大,加盟: 2024/07/05,,2024-25,,,,,T1,ghosthawks,24,3.8,0.9,0.8,加盟 雲豹,https://www.instagram.com/p/C9Bt_AmBxts/,
men,劉元凱,82,TPBL,leopards,https://tpbl.basketball/players/64,active,local,,本土,C,206,105,1991/07/09,輔仁大學,加盟: 2022-23賽季,resigned,2024-25,,,,,T1,leopards,26,1.9,2.0,0.5,完成續約,https://www.instagram.com/p/C-64UgfhM9h/?img_index=2,
men,楊盛硯,98,TPBL,leopards,https://tpbl.basketball/players/65,away,local,,本土,PG,178,80,1997/01/18,國立體大,交易 from 夢想家: 2024/07/20,trade,,2年,,夢想家 交易至 雲豹,https://www.instagram.com/p/Cvgj0NFPbhs/,,,,,,,,,
men,李漢昇,0,TPBL,lioneers,https://tpbl.basketball/players/71,active,local,2020Rookie,本土,PG/SG,177,76,1994/10/24,臺灣師大,加盟: 2024/07/10,,2024-25,,,,,T1,ghosthawks,27,8.3,1.9,4.0,加盟 攻城獅,https://www.instagram.com/p/C9OsD94ShzN/,
men,姜廣謙,2,TPBL,lioneers,https://tpbl.basketball/players/72,active,local,2020Rookie,本土,PG/SG,184,81,1998/05/07,臺灣藝大,加盟: 2022-23賽季,,2022-23,,,,,,,,,,,,,
men,王子綱,3,TPBL,lioneers,https://tpbl.basketball/players/74,active,local,,本土,PG/SG,183,73,1993/01/27,高雄師大,加盟: 2023-24賽季,,2023-24,,,,,,,,,,,,,
men,高國豪,4,TPBL,lioneers,https://tpbl.basketball/players/75,active,local,2020Rookie,本土,PG/SG,180,76,1998/09/22,NCAA D1 SEMO,加盟: 2020-21賽季,,2021-22,5年,2,,https://www.instagram.com/p/CUHEEeIhKBU/,,,,,,,,,
men,克拉,6,TPBL,lioneers,https://tpbl.basketball/players/92,active,import,,洋將,SF/PF,209,106,1988/01/17,-,加盟: 2023-24賽季,resigned,2024-25,,,,,,,,,,,,,
men,曾柏喻,7,TPBL,lioneers,https://tpbl.basketball/players/76,active,local,2021Rookie,本土,PG/SG,184,88,1996/12/03,明道大學,2022 PLG 選秀 - #10 順位,resigned,2024-25,3年,3,,https://www.instagram.com/p/C9T9tOlSVrQ/,PLG,lioneers,39,7.2,2.5,2.8,續約 3年,https://www.instagram.com/p/C9T9tOlSVrQ/,
men,朱雲豪,8,TPBL,lioneers,https://tpbl.basketball/players/78,active,local,2021Rookie,本土,SF/PF,195,94,1997/11/03,健行科大,2021 PLG 選秀 - #1 順位,,2021-22,3+1年 (球隊選擇權),0+1,,https://www.instagram.com/p/CUHEEeIhKBU/,,,,,,,,,
men,田浩,9,TPBL,lioneers,https://tpbl.basketball/players/80,active,local,2020Rookie,本土,PG/SG,174,70,1998/09/16,政治大學,加盟: 2020-21賽季,,2020-21,3+1年 (球隊選擇權),0,,https://www.instagram.com/p/CUHEEeIhKBU/,,,,,,,,,
men,米克獅,10,TPBL,lioneers,https://tpbl.basketball/players/93,active,import,,洋將,SF/PF,208,120,1995/02/05,-,加盟: 2024/10/01,,2024-25,,,,,,,,,,,,,
men,蕭順議,11,TPBL,lioneers,https://tpbl.basketball/players/82,active,local,,本土,SF/PF,193,86,1992/10/23,臺灣藝大,加盟: 2020-21賽季,,2023-24,2年,1,,https://www.instagram.com/p/CuOfW6QLL_A/,,,,,,,,,
men,李家瑞,12,TPBL,lioneers,https://tpbl.basketball/players/84,active,local,,本土,SF/PF,200,97,1994/12/04,HBL 基隆商工,加盟: 2020-21賽季,,2021-22,4+1年 (球隊選擇權),1+1,,https://www.instagram.com/p/CUHEEeIhKBU/,,,,,,,,,
men,周伯勳,20,TPBL,lioneers,https://tpbl.basketball/players/85,active,local,,本土,SF/PF,197,94,1991/03/06,明道大學,加盟: 2023-24賽季,,2023-24,,,,,,,,,,,,,
men,蔡宸綱,35,TPBL,lioneers,https://tpbl.basketball/players/87,active,local,2024Rookie,本土,SF/PF,197,95,2002/11/08,健行科大,2024 TPBL 選秀 - #2 順位,,2024-25,,,,,,,,,,,,,
men,盧冠軒,42,TPBL,lioneers,https://tpbl.basketball/players/88,active,local,,本土,PG/SG,184,88,1995/04/02,臺灣師大,加盟: 2023-24賽季,,2023-24,,,,,,,,,,,,,
men,敢搏,45,TPBL,lioneers,https://tpbl.basketball/players/4182,active,import,,洋將,C,208,117,1989/09/15,-,加盟: 2024/12/10,,2024-25,,,,,,,,,,,,,
men,容毅燊,52,TPBL,lioneers,https://tpbl.basketball/players/102,active,uba_import,2020Rookie,外籍生,C,200,99,1996/02/09,臺灣師大,加盟: 2022-23賽季,,2022-23,,,,,,,,,,,,,
men,霍立飛,55,TPBL,lioneers,https://tpbl.basketball/players/100,active,import,,洋將,C,208,118,1992/11/18,-,加盟: 2023-24賽季,resigned,2024-25,,,,,,,,,,,,,
men,李啓瑋,75,TPBL,lioneers,https://tpbl.basketball/players/90,active,local,,本土,SF/PF,192,87,1993/04/08,明道大學,加盟: 2024/07/03,,2024-25,,,,,T1,leopards,16,7.8,2.5,1.3,加盟 攻城獅,https://www.instagram.com/p/C882XBGS7yt/,
men,達爾,88,TPBL,lioneers,https://tpbl.basketball/players/5259,active,import,,洋將,G,193,102,1988/04/11,-,加盟: 2024/12/23,,2024-25,,,,,,,,,,,,,
men,陳振傑,0,TPBL,dreamers,https://tpbl.basketball/players/73,active,local,2020Rookie,本土,SG,183,80,1997/09/16,NAIA Grand View,加盟: 2020-21賽季,resigned,2024-25,3年,3,,https://www.instagram.com/p/C8_JBMxPx3e/,PLG,dreamers,32,7.4,2.6,0.9,續約 3年,https://www.instagram.com/p/C8_JBMxPx3e/,
men,馬建豪,2,TPBL,dreamers,https://tpbl.basketball/players/77,active,local,2022Rookie,本土,SF,201,90,2001/04/29,NCAA D1 Georgia St.,加盟: 2024/08/09,,2024-25,,,,,中國 CBA,江蘇肯帝亞,50,9.3,2.6,1.1,加盟 夢想家,https://www.instagram.com/p/C-cG3-Xv7IB/,
men,張宗憲,3,TPBL,dreamers,https://tpbl.basketball/players/79,active,local,,本土,SG,192,88,1988/12/27,NCAA D2 BYU-Hawaii,加盟: 2024/07/12,,2024-25,,,,,PLG,braves,16,3.6,1.3,1.8,加盟 夢想家,https://www.instagram.com/p/C9TvYmdPoag/,
men,帕奇爾,4,TPBL,dreamers,https://tpbl.basketball/players/2237,active,import,,洋將,C,208,110,1992/02/17,-,加盟: 2024/11/18,,2024-25,,,,,,,,,,,,,
men,貝奇,5,TPBL,dreamers,https://tpbl.basketball/players/104,active,import,,洋將,PF,203,95,1994/03/01,-,加盟: 2024/09/10,,2024-25,,,,,,,,,,,,,
men,王振原,8,TPBL,dreamers,https://tpbl.basketball/players/81,active,local,2021Rookie,本土,PG,176,70,1998/09/02,政治大學,2021 PLG 選秀 - #14 順位,,2022-23,,,,,,,,,,,,,
men,吳家駿,9,TPBL,dreamers,https://tpbl.basketball/players/83,active,local,,本土,PG,174,70,1994/03/03,國立體大,交易 from 領航猿: 2022/07/14,resigned,2024-25,3年,3,,https://www.instagram.com/p/C8_JBMxPx3e/,PLG,dreamers,29,3.1,1.7,2.0,續約 3年,https://www.instagram.com/p/C8_JBMxPx3e/,
men,林俊吉,11,TPBL,dreamers,https://tpbl.basketball/players/86,active,local,2020Rookie,本土,PG,175,70,1998/01/29,健行科大,加盟: 2020-21賽季,,,延長至2026-27賽季,3,,https://www.instagram.com/p/Cvgj0NFPbhs/,,,,,,,,,
men,班尼特,17,TPBL,dreamers,,active,import,,洋將,F,203,111,1993/03/14,-,加盟: 2024/12/24,,2024-25,,,,,,,,,,,,,
men,簡偉儒,20,TPBL,dreamers,https://tpbl.basketball/players/91,active,local,,本土,SG,186,85,1992/01/20,臺灣師大,加盟: 2024/07/17,,2024-25,,,,,T1,ghosthawks,23,4.5,1.6,1.0,加盟 夢想家,https://www.instagram.com/p/C9gnZHPqsSG/,
men,簡浩,21,TPBL,dreamers,https://tpbl.basketball/players/94,active,local,,本土,SF,200,90,1985/03/07,NAIA Madonna,加盟: 2021-22賽季,,,2年,,,https://www.instagram.com/p/Cvgj0NFPbhs/,,,,,,,,,
men,忻沃克,24,TPBL,dreamers,https://tpbl.basketball/players/103,active,taiwanese,2020Rookie,華裔,SF,196,93,1998/09/21,NCAA D3 TCNJ,加盟: 2020-21賽季,,2023-24,2年,1,,https://www.instagram.com/p/CvEQB75vjOk/,,,,,,,,,
men,李德威,26,TPBL,dreamers,https://tpbl.basketball/players/95,active,local,,本土,C,200,105,1991/10/15,HBL 能仁家商,加盟: 2020-21賽季,resigned,2024-25,3年,3,,https://www.instagram.com/p/C8_JBMxPx3e/,PLG,dreamers,15,1.4,1.2,0.1,續約 3年,https://www.instagram.com/p/C8_JBMxPx3e/,
men,史承平,27,TPBL,dreamers,https://tpbl.basketball/players/97,active,local,2024Rookie,本土,SF,190,80,1999/10/01,義守大學,2024 TPBL 選秀 - #8 順位,,2024-25,,,,,,,,,,,,,
men,盧冠良,28,TPBL,dreamers,https://tpbl.basketball/players/99,active,local,,本土,SG,185,90,1991/04/09,臺灣藝大,加盟: 2022-23賽季,resigned,2024-25,3年,3,,https://www.instagram.com/p/C8_JBMxPx3e/,PLG,dreamers,35,6.5,2.6,1.8,續約 3年,https://www.instagram.com/p/C8_JBMxPx3e/,
men,高柏鎧,34,TPBL,dreamers,https://tpbl.basketball/players/106,active,naturalized,,洋將,C,213,107,1996/12/09,-,加盟: 2021-22賽季,resigned,2024-25,,,,,,,,,,,,,
men,霍爾曼,35,TPBL,dreamers,https://tpbl.basketball/players/107,active,import,,洋將,PF,208,100,1997/07/11,-,加盟: 2024/08/14,,2024-25,,,,,,,,,,,,,
men,蔣淯安,41,TPBL,dreamers,https://tpbl.basketball/players/89,active,local,,本土,PG,174,75,1991/08/04,臺灣體大,加盟: 2024/07/02,,2024-25,5年,5,,https://www.instagram.com/p/C85_dczhyIm/,T1,leopards,20,15.6,3.9,5.2,5年合約 加盟夢想家,https://www.instagram.com/p/C85_dczhyIm/,
men,周柏臣,88,TPBL,dreamers,https://tpbl.basketball/players/101,active,local,,本土,C,198,98,1990/08/08,臺灣師大,加盟: 2022-23賽季,,2022-23,,,,,,,,,,,,,
men,魏莨哲,0,TPBL,aquas,https://tpbl.basketball/players/108,active,local,2024Rookie,本土,PG,185,78,2001/11/28,高雄師大,2024 TPBL 選秀 - #4 順位,,2024-25,,,,,,,,,,,,,
men,艾德,1,TPBL,aquas,https://tpbl.basketball/players/4181,active,import,,洋將,PF,208,100,1989/06/04,-,加盟: 2024/12/03,,2024-25,,,,,,,,,,,,,
men,于煥亞,7,TPBL,aquas,https://tpbl.basketball/players/109,active,local,,本土,SF,182,81,1993/11/30,臺灣師大,加盟: 2021-22賽季,,2022-23,,,,,,,,,,,,,
men,邱子軒,8,TPBL,aquas,https://tpbl.basketball/players/124,active,local,2022Rookie,本土,SG,190,89,1999/12/08,義守大學,2022 T1 選秀 - R1 指名,,2022-23,,,,,,,,,,,,,
men,胡瓏貿,10,TPBL,aquas,https://tpbl.basketball/players/110,active,local,,本土,PF,196,101,1992/12/22,NCAA D2 Chaminade,加盟: 2021-22賽季,resigned,2024-25,3年,3,,https://www.instagram.com/p/C8YySmsP802/,T1,aquas,25,15.3,5.9,2.6,續約 3年,https://www.instagram.com/p/C8YySmsP802/,
men,唐維傑,11,TPBL,aquas,https://tpbl.basketball/players/111,active,local,2023Rookie,本土,SF,192,89,1999/09/25,NCAA D1 VMI,2023 T1 選秀 - #5 順位,,2023-24,,,,,,,,,,,,,
men,林任鴻,12,TPBL,aquas,https://tpbl.basketball/players/113,active,local,,本土,SF,194,88,1993/12/18,臺灣師大,加盟: 2021-22賽季,,2022-23,,,,,,,,,,,,,
men,比斯赫,14,TPBL,aquas,https://tpbl.basketball/players/114,active,import,,洋將,C,208,114,1997/07/28,-,加盟: 2024/08/02,,2024-25,,,,,,,,,,,,,
men,吳怡斌,18,TPBL,aquas,https://tpbl.basketball/players/115,active,local,,本土,PF,200,92,1992/08/29,義守大學,加盟: 2021-22賽季,,2023-24,,,,,,,,,,,,,
men,呂威霆,21,TPBL,aquas,https://tpbl.basketball/players/116,active,local,2021Rookie,本土,C,200,103,1997/04/16,義守大學,加盟: 2021-22賽季,resigned,2024-25,,,,,T1,aquas,27,3.2,2.3,0.6,完成續約,https://www.instagram.com/p/C8Ten84Pux5/,
men,摩爾斯,22,TPBL,aquas,https://tpbl.basketball/players/117,active,import,,洋將,PF,204,104,1994/04/13,-,加盟: 2024/07/26,,2024-25,,,,,,,,,,,,,
men,蘇文儒,24,TPBL,aquas,https://tpbl.basketball/players/118,active,local,2021Rookie,本土,SG,187,78,1997/10/16,義守大學,2021 T1 選秀 - R2 指名,resigned,2024-25,,,,,T1,aquas,27,1.8,1.4,0.5,完成續約,https://www.instagram.com/p/C8RBkefPVm7/,
men,余純安,28,TPBL,aquas,https://tpbl.basketball/players/119,active,local,,本土,SG,189,83,1992/02/13,臺灣師大,加盟: 2021-22賽季,,2021-22,4年,1,,https://www.instagram.com/p/CQvDXhal1se/,,,,,,,,,
men,威勝,34,TPBL,aquas,https://tpbl.basketball/players/120,active,import,,洋將,C,208,110,1999/07/27,-,加盟: 2024/07/29,,2024-25,,,,,,,,,,,,,
men,吳曉謹,57,TPBL,aquas,https://tpbl.basketball/players/121,active,local,,本土,SF,190,81,1995/08/28,高雄師大,加盟: 2021-22賽季,,2023-24,,,,,,,,,,,,,
men,陳懷安,66,TPBL,aquas,https://tpbl.basketball/players/122,active,local,,本土,PG,186,86,1997/04/29,臺灣藝大,加盟: 2021-22賽季,,2021-22,,,,,,,,,,,,,
men,勤明慶,85,TPBL,aquas,https://tpbl.basketball/players/123,active,local,,本土,C,195,106,1994/11/14,臺灣師大,加盟: 2021-22賽季,,2023-24,,,,,,,,,,,,,
men,陳孝榕,0,SBL,beer,https://sleague.tw/roster/148289,active,local,2022Rookie,本土,PG/SG,180,72,1999/11/06,臺灣科大,加盟: 2024/08/22,,2022-23,,,,,,,,,,,,,
men,王新瑋,1,SBL,beer,https://sleague.tw/roster/148288,active,local,2021Rookie,本土,PG/SG,185,90,1997/05/08,萬能科大,加盟: 2021-22賽季,,2021-22,,,,,,,,,,,,,
men,呂宗霖,3,SBL,beer,https://sleague.tw/roster/148287,active,local,,本土,PG/SG,175,70,1994/11/17,臺灣科大,加盟: 2024/12/11,,2023-24,,,,,,,,,,,,,
men,盧捷閔,7,SBL,beer,https://sleague.tw/roster/148280,active,local,,本土,PG/SG,184,80,1995/10/12,輔仁大學,加盟: 2024/08/22,,2022-23,2+1年,0+1,,https://www.instagram.com/p/ChEkCAiv1kI/,,,,,,,,,
men,鄭駿龍,8,SBL,beer,https://sleague.tw/roster/148285,active,local,,本土,PG/SG,180,90,1991/01/08,實踐大學,加盟: 2024/08/22,,2022-23,2+1年,0+1,,https://www.instagram.com/p/ChEkCAiv1kI/,,,,,,,,,
men,蔣浩文,9,SBL,beer,https://sleague.tw/roster/148284,active,local,2023Rookie,本土,PG/SG,175,75,2001/07/14,臺灣師大,2022 SBL 選秀 - #2 順位,,2023-24,,,,,,,,,,,,,
men,曾品富,10,SBL,beer,https://sleague.tw/roster/148283,active,local,2021Rookie,本土,SF/PF,195,90,1996/03/01,健行科大,加盟: 2023-24賽季,,2023-24,,,,,,,,,,,,,
men,簡賀宇,11,SBL,beer,https://sleague.tw/roster/148282,active,local,2024Rookie,本土,PG/SG,182,81,2001/08/10,世新大學,加盟: 2024-25賽季,,2024-25,,,,,,,,,,,,,
men,吳沛嘉,14,SBL,beer,https://sleague.tw/roster/148281,active,local,2023Rookie,本土,C,205,103,1999/09/27,世新大學,加盟: 2024/08/22,,2023-24,,,,,,,,,,,,,
men,賴俊廷,17,SBL,beer,https://sleague.tw/roster/148279,active,local,2022Rookie,本土,SF/PF,186,80,2000/07/07,Spire Academy,2022 SBL 選秀 - #7 順位,,2022-23,,,,,,,,,,,,,
men,朱億宗,24,SBL,beer,https://sleague.tw/roster/148278,active,local,,本土,SF/PF,186,85,1986/08/04,醒吾科大,加盟: 2024/08/22,,,,,,,,,,,,,,,
men,胡凱翔,26,SBL,beer,https://sleague.tw/roster/148277,active,local,,本土,SF/PF,190,95,1991/05/16,文化大學,加盟: 2024-25賽季,,2024-25,,,,,T1,ghosthawks,15,3.1,0.9,1.5,加盟 台啤,,
men,阿拉薩,33,SBL,beer,https://sleague.tw/roster/148276,active,uba_import,2024Rookie,外籍生,C,200,106,2002/01/08,臺灣藝大,加盟: 2024/12/11,,2023-24,,,,,,,,,,,,,
men,葛萊斯,40,SBL,beer,https://sleague.tw/roster/148290,active,import,,洋將,C,203,100,1994/05/07,-,加盟: 2024-25賽季,,2024-25,,,,,,,,,,,,,
men,范士恩,42,SBL,beer,https://sleague.tw/roster/148275,active,local,,本土,SF/PF,198,85,1994/06/01,臺灣科大,加盟: 2023-24賽季,,2021-22,,,,,,,,,,,,,
men,陳兆豪,89,SBL,beer,https://sleague.tw/roster/148274,active,local,,本土,C,199,95,1992/06/12,高雄師大,交易 from 台灣大: 2014/09/12,,,,,,,,,,,,,,,
men,林柏豪,97,SBL,beer,https://sleague.tw/roster/148286,active,local,2020Rookie,本土,SF/PF,192,78,1997/01/08,康寧大學,加盟: 2023-24賽季,,2023-24,,,,,,,,,,,,,
men,簡家暐,0,SBL,bank,https://sleague.tw/roster/148273,active,local,2020Rookie,本土,SF/PF,188,83,1998/07/29,臺灣師大,2020 SBL 選秀 - #7 順位,,2022-23,2年,0,,https://sports.ettoday.net/news/2271816,,,,,,,,,
men,郭振復,2,SBL,bank,https://sleague.tw/roster/148272,active,local,2023Rookie,本土,PG/SG,192,81,2001/02/22,高雄師大,2023 SBL 選秀 - #3 順位,,2023-24,,,,,,,,,,,,,
men,陳侑昫,3,SBL,bank,https://sleague.tw/roster/148271,active,local,,本土,SF/PF,195,90,1990/10/01,義守大學,2014 SBL 選秀 - #8 順位,,2022-23,1年,,,https://sports.ettoday.net/news/2272567,,,,,,,,,
men,聶歐瑪,5,SBL,bank,https://sleague.tw/roster/148270,active,uba_import,2021Rookie,外籍生,C,205,100,1998/05/15,政治大學,加盟: 2023-24賽季,,2023-24,,,,,,,,,,,,,
men,王偉丞,7,SBL,bank,https://sleague.tw/roster/148269,active,local,2021Rookie,本土,PG/SG,183,72,1999/08/07,高雄師大,2021 SBL 選秀 - #2 順位,,2021-22,,,,,,,,,,,,,
men,林哲霆,8,SBL,bank,https://sleague.tw/roster/148268,active,local,2022Rookie,本土,PG/SG,183,72,1999/09/08,輔仁大學,加盟: 2022-23賽季,,2022-23,3年,1,,https://tw.sports.yahoo.com/news/%E8%88%87%E5%8F%B0%E9%8A%80%E7%B0%BD%E4%B8%8B3%E5%B9%B4%E5%90%88%E7%B4%84-%E6%9E%97%E5%93%B2%E9%9C%86%E7%9B%BC%E6%89%93%E5%87%BA%E8%BA%AB%E5%83%B9-143935404.html,,,,,,,,,
men,林柏偉,9,SBL,bank,https://sleague.tw/roster/148267,active,local,,本土,SF/PF,187,80,1993/11/18,世新大學,加盟: 2019-20賽季,,2021-22,,,,,,,,,,,,,
men,周日騰,10,SBL,bank,https://sleague.tw/roster/148266,active,local,2022Rookie,本土,SF/PF,193,92,2000/02/08,臺灣藝大,2022 SBL 選秀 - #8 順位,,2022-23,,,,,,,,,,,,,
men,潘祥偉,11,SBL,bank,https://sleague.tw/roster/148265,active,local,,本土,SF/PF,190,83,1994/10/26,義守大學,加盟: 2020-21賽季,,2022-23,2年,0,,https://sports.ettoday.net/news/2272567,,,,,,,,,
men,張家禾,12,SBL,bank,https://sleague.tw/roster/148264,active,local,,本土,SF/PF,188,85,1996/12/15,臺灣藝大,2019 SBL 選秀 - #1 順位,,2022-23,1年,,,https://sports.ettoday.net/news/2272567,,,,,,,,,
men,王泰傑,13,SBL,bank,https://sleague.tw/roster/148263,active,local,,本土,PG/SG,181,86,1992/11/17,臺灣師大,加盟: 2019-20賽季,,2022-23,2年,0,,https://sports.ettoday.net/news/2271816,,,,,,,,,
men,郭翰,14,SBL,bank,https://sleague.tw/roster/148262,active,local,2022Rookie,本土,C,195,110,1998/08/28,國立體大,加盟: 2024/08/01,,2024-25,,,,,SBL,bll,22,4.0,3.5,0.7,加盟 臺銀,https://www.instagram.com/p/C-HnulUTj71/,
men,林均濠,22,SBL,bank,https://sleague.tw/roster/148261,active,local,2021Rookie,本土,SF/PF,193,90,1998/01/19,臺灣藝大,加盟: 2023-24賽季,,2023-24,,,,,,,,,,,,,
men,高健益,24,SBL,bank,https://sleague.tw/roster/148260,active,local,,本土,PG/SG,185,75,1990/06/10,義守大學,加盟: 2018-19賽季,,2022-23,2年,0,,https://sports.ettoday.net/news/2271816,,,,,,,,,
men,王書府,25,SBL,bank,https://sleague.tw/roster/148259,active,local,2024Rookie,本土,PG/SG,180,72,2000/05/06,中信學院,2024 SBL 選秀 - #3 順位,,2024-25,,,,,,,,,,,,,
men,曹立中,27,SBL,bank,https://sleague.tw/roster/148258,active,local,2021Rookie,本土,SF/PF,190,84,1999/08/28,高雄師大,2021 SBL 選秀 - #6 順位,,2021-22,,,,,,,,,,,,,
men,王詠誠,29,SBL,bank,https://sleague.tw/roster/148257,active,local,2021Rookie,本土,SF/PF,196,94,1998/12/29,政治大學,加盟: 2024/08/01,,2024-25,,,,,T1,aquas,2,0.0,0.0,0.0,加盟 臺銀,https://www.instagram.com/p/C-HkEhuzV7x/,
men,瑪哈尼,51,SBL,bank,https://sleague.tw/roster/148256,active,import,,洋將,C,203,100,1998/06/29,-,加盟: 2022-23賽季,resigned,2024-25,,,,,,,,,,,,,
men,李維哲,58,SBL,bank,https://sleague.tw/roster/148255,active,local,,本土,PG/SG,179,84,1991/05/08,文化大學,加盟: 2013-14賽季,,,,,,,,,,,,,,,
men,布蘭登,1,SBL,yulon,https://sleague.tw/roster/148385,active,import,,洋將,PF,200,108,1994/03/05,-,加盟: 2023-24賽季,resigned,2024-25,,,,,,,,,,,,,
men,林仕軒,2,SBL,yulon,https://sleague.tw/roster/148323,active,local,2021Rookie,本土,PG/SG,178,78,1998/12/28,臺灣師大,加盟: 2023-24賽季,,2023-24,,,,,,,,,,,,,
men,蒲國倫,5,SBL,yulon,https://sleague.tw/roster/148322,active,local,2024Rookie,本土,SF/PF,195,85,2001/08/09,義守大學,2024 SBL 選秀 - #4 順位,,2024-25,,,,,,,,,,,,,
men,王翊帆,6,SBL,yulon,https://sleague.tw/roster/148321,active,local,2023Rookie,本土,PG/SG,173,72,2000/11/19,輔仁大學,2023 SBL 選秀 - #4 順位,,2023-24,,,,,,,,,,,,,
men,涂亦含,7,SBL,yulon,https://sleague.tw/roster/148320,active,local,2023Rookie,本土,SF/PF,190,89,2000/12/28,政治大學,2023 SBL 選秀 - #7 順位,,2023-24,,,,,,,,,,,,,
men,東方譯慷,8,SBL,yulon,https://sleague.tw/roster/148319,active,local,2021Rookie,本土,PG/SG,182,81,1997/10/12,Bishop Mora Salesian,加盟: 2023-24賽季,,2023-24,,,,,,,,,,,,,
men,楊承翰,11,SBL,yulon,https://sleague.tw/roster/148318,active,local,2021Rookie,本土,PG/SG,187,82,1999/10/10,輔仁大學,加盟: 2023-24賽季,,2023-24,,,,,,,,,,,,,
men,阿美,12,SBL,yulon,https://sleague.tw/roster/148317,active,uba_import,2024Rookie,外籍生,C,205,105,2001/01/07,文化大學,2024 SBL 選秀 - #2 順位,,2024-25,,,,,,,,,,,,,
men,周士淵,15,SBL,yulon,https://sleague.tw/roster/148316,active,local,,本土,SF/PF,190,80,1983/11/16,北市大學,加盟: 2022-23賽季,,2022-23,,,,,,,,,,,,,
men,林義恩,17,SBL,yulon,https://sleague.tw/roster/148315,active,local,2020Rookie,本土,PG/SG,185,80,1996/06/08,文化大學,加盟: 2022-23賽季,,2022-23,,,,,,,,,,,,,
men,高承恩,22,SBL,yulon,https://sleague.tw/roster/148314,active,local,2022Rookie,本土,PG/SG,175,78,1999/12/23,健行科大,加盟: 2024-25賽季,,2024-25,,,與T1獵鷹租借球員,https://tw.sports.yahoo.com/news/sbl%E8%A3%95%E9%9A%86%E7%B0%BD%E8%B3%AD%E6%A1%88%E6%88%B0%E5%8A%9B%E5%A4%A7%E5%82%B7-t1%E7%8D%B5%E9%B7%B9%E6%9A%96%E5%BF%83%E4%BA%A4%E6%B5%81%E9%80%81%E5%87%BA4%E5%90%8D%E7%90%83%E5%93%A1-073018186.html,,,,,,,,,
men,藍少甫,23,SBL,yulon,https://sleague.tw/roster/148313,active,local,2021Rookie,本土,SF/PF,195,98,1997/03/21,國立體大,加盟: 2024-25賽季,,2024-25,,,,,SBL,yulon,29,9.7,4.1,0.9,加盟 裕隆,,
men,黃宗翰,31,SBL,yulon,https://sleague.tw/roster/148312,active,local,2021Rookie,本土,SF/PF,195,90,1996/10/10,臺灣師大,加盟: 2022-23賽季,,2022-23,,,,,,,,,,,,,
men,夏普,33,SBL,yulon,,active,import,,洋將,C,204,111,1986/07/18,-,加盟: 2022-23賽季,resigned,2024-25,,,,,,,,,,,,,
men,吳岱豪,54,SBL,yulon,https://sleague.tw/roster/148311,active,local,,本土,C,203,106,1985/02/07,臺灣師大,租借 from 獵鷹: 2024/12/09,,,租借 from 獵鷹,,與T1獵鷹租借球員,https://www.instagram.com/p/DDV7z2Tzfs3/?utm_source=ig_web_copy_link&igsh=MzRlODBiNWFlZA==,,,,,,,,,
men,劉光尚,77,SBL,yulon,https://sleague.tw/roster/148310,active,local,2023Rookie,本土,SF/PF,192,88,1999/09/30,輔仁大學,加盟: 2024-25賽季,,2024-25,,,,,PLG,lioneers,1,2.0,2.0,1.0,加盟 裕隆,,
men,林明毅,89,SBL,yulon,https://sleague.tw/roster/148309,active,local,,本土,PG/SG,176,70,1996/03/27,明道大學,加盟: 2023-24賽季,,2023-24,,,,,,,,,,,,,
men,郭昭男,93,SBL,yulon,https://sleague.tw/roster/148308,active,local,,本土,SF/PF,192,86,1992/11/06,高雄師大,加盟: 2019-20賽季,,,,,,,,,,,,,,,
men,林勵,5,SBL,bll,https://sleague.tw/roster/148304,active,local,2023Rookie,本土,PG/SG,181,83,2001/06/20,政治大學,加盟: 2024/08/16,,2024-25,,,,,T1,mars,3,0.7,1.0,1.3,加盟 柏力力,https://www.instagram.com/p/C-unUYLI0p4/?img_index=1,
men,菲爾斯,2,SBL,bll,https://sleague.tw/roster/148306,active,import,,洋將,C,204,111,1988/03/30,-,加盟: 2024/12/18,,2024-25,,,,,,,,,,,,,
men,黃泓諭,3,SBL,bll,https://sleague.tw/roster/148305,active,local,2022Rookie,本土,PG/SG,185,87,1999/09/10,臺灣師大,加盟: 2024/08/16,,2024-25,,,,,SBL,beer,28,5.5,1.3,0.6,加盟 柏力力,https://www.instagram.com/p/C-unUYLI0p4/?img_index=3,
men,陳昭群,11,SBL,bll,https://sleague.tw/roster/148300,active,local,2023Rookie,本土,SF/PF,196,77,2000/11/10,臺灣科大,2023 SBL 選秀 - #10 順位,,2023-24,,,,,,,,,,,,,
men,江尚謙,7,SBL,bll,https://sleague.tw/roster/148303,active,local,2022Rookie,本土,PG/SG,182,74,1999/10/23,亞洲大學,2022 SBL 選秀 - #1 順位,,2022-23,,,,,,,,,,,,,
men,張幃翔,0,SBL,bll,https://sleague.tw/roster/148307,active,local,,本土,SF/PF,190,91,1996/05/15,臺灣藝大,加盟: 2024/08/16,,2024-25,,,,,,,,,,,,,
men,林梓峰,10,SBL,bll,https://sleague.tw/roster/148301,active,local,2021Rookie,本土,PG/SG,182,87,1998/10/30,健行科大,加盟: 2023-24賽季,,2023-24,,,,,,,,,,,,,
men,謝承諳,12,SBL,bll,https://sleague.tw/roster/148299,active,local,2023Rookie,本土,SF/PF,191,97,2000/11/24,國立體大,2023 SBL 選秀 - #5 順位,,2023-24,,,,,,,,,,,,,
men,黃建智,13,SBL,bll,https://sleague.tw/roster/148298,active,local,2022Rookie,本土,SF/PF,188,95,1998/09/08,臺灣師大,2022 SBL 選秀 - #11 順位,,2022-23,,,,,,,,,,,,,
men,顏宗偉,15,SBL,bll,https://sleague.tw/roster/148297,active,local,2024Rookie,本土,C,198,110,-,臺灣科大,加盟: 2024/12/12,,2024-25,,,,,,,,,,,,,
men,楊天佑,19,SBL,bll,https://sleague.tw/roster/148296,active,local,,本土,PG/SG,170,75,1993/09/24,康寧大學,加盟: 2024/08/01,,2024-25,,,,,SBL,beer,28,10.0,1.6,3.5,加盟 柏力力,https://www.instagram.com/p/C-H_aXJNqU2/,
men,蘇格爾,22,SBL,bll,https://sleague.tw/roster/148295,active,uba_import,2023Rookie,外籍生,SF/PF,198,103,1999/07/02,中信學院,2023 SBL 選秀 - #1 順位,,2023-24,,,,,,,,,,,,,
men,蔡紘揚,8,SBL,bll,https://sleague.tw/roster/148302,active,local,2023Rookie,本土,PG/SG,181,82,2000/09/13,輔仁大學,2023 SBL 選秀 - #8 順位,,2023-24,,,,,,,,,,,,,
men,王家昌,34,SBL,bll,https://sleague.tw/roster/148294,active,local,2024Rookie,本土,SF/PF,191,90,2001/11/06,臺灣師大,2024 SBL 選秀 - #1 順位,,2024-25,,,,,,,,,,,,,
men,徐仕宏,77,SBL,bll,https://sleague.tw/roster/148293,active,local,2023Rookie,本土,SF/PF,188,111,1998/03/23,HBL 來義高中,2023 SBL 選秀 - #11 順位,,2023-24,,,,,,,,,,,,,
men,楊盛硯,98,SBL,bll,https://sleague.tw/roster/148292,active,local,,本土,PG,178,80,1997/01/18,國立體大,租借 from 雲豹: 2024/12/11,,,租借 from 雲豹,,雲豹租借前往柏力力,https://www.instagram.com/p/DDbq8hshzl5/?utm_source=ig_web_copy_link&igsh=MzRlODBiNWFlZA==,,,,,,,,,
men,廖景泰,99,SBL,bll,https://sleague.tw/roster/148291,active,local,2023Rookie,本土,C,198,105,1999/11/12,高雄師大,2023 SBL 選秀 - #9 順位,,2023-24,,,,,,,,,,,,,
men,陳昱翰,,,fa,https://pleagueofficial.com/player/409,active,local,,本土,G,187,85,1993/12/14,義守大學,,,,,,,,PLG,pilots,3,1.3,0.3,0.3,-,,
men,李學林,,,fa,https://pleagueofficial.com/player/406,active,local,,本土,G,176,75,1984/01/31,北市大學,,,,,,,,PLG,pilots,15,0.9,1.0,0.7,-,,
men,周儀翔,,,fa,https://pleagueofficial.com/player/262,active,local,,本土,F,191,99,1991/02/04,NJCAA Salt Lake,,,,,,,,PLG,pilots,27,6.2,2.7,3.0,提前終止合約,,
men,吳宏興,,,fa,https://ghosthawks.tw/team/145,active,local,,本土,C,202,96,1989/10/21,HBL 新榮高中,,,,,,,,T1,ghosthawks,10,1.0,0.8,0.3,-,,
men,盧哲毅,,,fa,https://pleagueofficial.com/player/83,active,local,2020Rookie,本土,G,187,82,1993/07/15,義守大學,,,,,,,,PLG,steelers,26,1.2,1.0,0.4,-,,
men,張伯維,,,fa,https://pleagueofficial.com/player/45,active,local,,本土,F,190,92,1990/07/22,臺灣藝大,,,,,,,,PLG,steelers,39,9.1,2.0,1.0,-,,
men,許敬恩,,,fa,https://taipeimars.com.tw/team/189,active,local,2023Rookie,本土,G,190,90,2001/07/11,臺灣師大,,,,,,,,T1,mars,3,0.0,0.0,0.3,-,,
men,譚傑龍,,,fa,https://tpbl.basketball/players/42,active,local,2020Rookie,本土,F,203,105,2000/06/02,NAIA UBC,加盟: 2021-22賽季,,,,,,,T1,dea,19,3.8,1.9,0.8,完成續約,https://www.instagram.com/p/C-4DjZeTDa7/,
men,楊敬敏,,,fa,https://pleagueofficial.com/player/87,active,local,,本土,F,190,92,1984/01/22,北市大學,,,,,,,,PLG,kings,23,13.1,4.7,3.0,-,,
men,翟振皓,,,fa,https://pleagueofficial.com/player/381,active,local,,本土,F,194,95,1993/07/25,康寧大學,,,,,,,,PLG,kings,5,0.8,1.6,0.0,-,,
men,戴維斯,,,fa,https://pleagueofficial.com/player/69,active,naturalized,,本土,C,203,100,1983/02/16,-,加盟: 2021-22賽季,,2021-22,,0,,https://www.nownews.com/news/6432833,PLG,kings,5,7.2,6.4,1.2,-,,
men,張傑瑋,,,fa,https://pleagueofficial.com/player/282,active,uba_import,2022Rookie,外籍生,G,184,87,1997/09/06,萬能科大,,,,,,,,PLG,lioneers,23,4.7,2.5,1.8,不執行球隊選擇權,,
men,林耀宗,,,fa,https://pleagueofficial.com/player/59,active,local,,本土,C,194,100,1990/09/07,明道大學,,,,,,,,PLG,dreamers,8,0.0,0.5,0.0,-,,
men,簡肇熠,,,fa,https://sleague.tw/player/oldRoster/268,active,local,,本土,-,180,-,1993/07/12,文化大學,加盟: 2022-23賽季,,2021-22,,,,,SBL,beer,4,3.3,1.5,1.3,-,,
men,陳建銘,,,fa,https://sleague.tw/player/oldRoster/7010,active,local,2022Rookie,本土,-,176,-,1997/09/11,世新大學,加盟: 2023-24賽季,,2022-23,,,,,SBL,beer,11,2.9,1.4,0.9,-,,
men,呂蔡瑜倫,,,fa,https://sleague.tw/player/oldRoster/7011,active,local,2022Rookie,本土,-,191,-,1998/11/08,日本 仙台大學,加盟: 2023-24賽季,,,,,,,SBL,beer,3,0.0,1.3,0.3,-,,
men,蔡嘉駿,,,fa,https://sleague.tw/player/oldRoster/5903,active,local,2021Rookie,本土,-,190,-,1997/12/11,北市大學,,,,,,,,SBL,bank,7,1.4,0.7,0.1,-,,
men,蔡亞軒,,,fa,https://sleague.tw/player/oldRoster/7006,active,local,2023Rookie,本土,-,185,-,1999/10/09,虎尾科大,,,,,,,,SBL,bank,1,0.0,2.0,0.0,-,,
men,伊波卡,,,fa,https://sleague.tw/player/oldRoster/7026,active,uba_import,2022Rookie,外籍生,-,195,-,2000/06/29,世新大學,加盟: 2023-24賽季,,2023-24,,,,,SBL,yulon,18,7.1,4.5,1.1,-,,
men,吳彥侖,,,fa,https://sleague.tw/player/oldRoster/7026,active,local,,本土,-,182,-,1997/06/18,義守大學,租借 from 獵鷹: 2024/01/04,,,租借 from 獵鷹,,與T1獵鷹租借球員,https://tw.sports.yahoo.com/news/sbl%E8%A3%95%E9%9A%86%E7%B0%BD%E8%B3%AD%E6%A1%88%E6%88%B0%E5%8A%9B%E5%A4%A7%E5%82%B7-t1%E7%8D%B5%E9%B7%B9%E6%9A%96%E5%BF%83%E4%BA%A4%E6%B5%81%E9%80%81%E5%87%BA4%E5%90%8D%E7%90%83%E5%93%A1-073018186.html,SBL,yulon,18,1.9,0.9,0.8,,,
men,鄭德維,,,fa,https://sleague.tw/player/oldRoster/7026,active,local,2021Rookie,本土,-,193,-,1995/10/08,世新大學,加盟: 2023-24賽季,,2023-24,,,,,SBL,yulon,12,2.8,2.1,1.2,,,
men,蔣浩偉,,,fa,https://sleague.tw/player/oldRoster/5927,active,local,2022Rookie,本土,-,176,-,1998/10/28,醒吾科大,,,,,,,,SBL,bll,19,4.5,0.8,0.5,-,,
men,楊浩之,,,fa,https://sleague.tw/player/oldRoster/6993,active,taiwanese,2021Rookie,華裔,-,187,-,1995/10/20,-,,,,,,,,SBL,bll,7,1.3,0.7,0.0,-,,
men,陳昶宏,,,fa,https://sleague.tw/player/oldRoster/6994,active,local,2023Rookie,本土,-,186,-,2001/05/24,陽明交通,,,,,,,,SBL,bll,5,0.4,0.8,0.2,-,,
men,邱柏璋,,,,,,local,,本土,F,190,90,1995/11/02,,,,,,,,,PLG,steelers,13,2.0,1.2,0.5,轉任體能訓練師,https://www.instagram.com/p/C-b8m0bzPBC/,
men,劉韋辰,,,,,,local,,本土,G,190,84,1988/11/27,,,,,,,,,T1,dea,3,0.3,1.0,0.0,轉任星火計劃助教,https://www.instagram.com/p/DBAojUOTZYf/,
men,宋宇軒,,,,,,local,,本土,G,185,80,1989/12/05,,,,,,,,,PLG,lioneers,2,5.0,0.0,0.5,退役 轉任體能助教,https://www.instagram.com/p/C-EySsMyVg7/,
men,呂奇旻,,,,,,local,,本土,G,188,90,1989/10/27,,,,,,,,,PLG,lioneers,5,3.4,0.8,0.8,退役 轉任助理教練,https://www.instagram.com/p/C_MxpZ-Sqk_/,
men,吳松蔚,,,,,,local,,本土,G,182,80,1993/05/21,,,,,,,,,PLG,dreamers,12,0.5,0.1,0.0,退役,https://www.instagram.com/p/C-rSgJXt0ly/,
men,漢米爾頓,5,PLG,braves,https://pleagueofficial.com/player/436,,import,,洋將,F,203,103,1990/10/06,-,加盟: 2024/08/16,,,,,,,,,,,,,,,
men,塞瑟夫,32,TPBL,mars,https://tpbl.basketball/players/18,,import,,洋將,C,210,99,1989/05/11,-,加盟: 2024/08/26,,,,,,,,,,,,,,,
men,揚科維奇,33,TPBL,dreamers,https://tpbl.basketball/players/105,,import,,洋將,C,211,109,1993/08/04,-,加盟: 2024/08/23,,,,,,,,,,,,,,,
men,力契,14,TPBL,lioneers,https://tpbl.basketball/players/96,,import,,洋將,C,210,115,1996/02/05,-,加盟: 2024/08/12,,,,,,,,,,,,,,,
men,奧利佛,15,TPBL,mars,https://tpbl.basketball/players/17,,import,,洋將,PF,203,102,1992/07/02,-,加盟: 2024/08/03,,,,,,,,,,,,,,,
men,布銳克曼,5,TPBL,aquas,https://tpbl.basketball/players/112,,import,,洋將,PG,179,79,1991/11/19,-,加盟: 2021-22賽季,,,,,,,,,,,,,,,
men,阿修羅,55,TPBL,leopards,https://tpbl.basketball/players/70,,import,,洋將,C,213,113,1994/01/05,-,加盟: 2024/08/31,,,,,,,,,,,,,,,
men,銳尼,6,TPBL,dea,https://tpbl.basketball/players/50,,import,,洋將,SF/PF,199,107,1995/09/14,-,加盟: 2024/08/14,,2024-25,,,,,,,,,,,,,
,,,,,,,,,,,,,,,,,,,,,,,,,,,,,,
women,彭詩晴,23,中國 WCBA,石家莊英勵,https://www.instagram.com/elfinpeng/,active,local,,港澳台,G,165,63,1991/11/09,北市大學,加盟: 2023-24賽季,,,,,,,,,,,,,,,
women,張綺芳,31,中國 WCBA,內蒙古農信,https://www.instagram.com/pika_ccf31/,active,local,,港澳台,G,174,67,1993/01/16,臺灣師大,加盟: 2023-24賽季,,,,,,,,,,,,,,,
women,陳晏宇,4,中國 WCBA,上海浦發銀行,https://www.instagram.com/chen.83107/,active,local,,港澳台,G,171,64,1994/10/07,臺灣師大,加盟: 2023-24賽季,,,,,,,,,,,,,,,
women,林育庭,22,中國 WCBA,四川遠達美樂,https://www.instagram.com/ding1212/,active,local,,港澳台,G,178,67,1994/01/25,文化大學,加盟: 2024-25賽季,,,,,,,,,,,,,,,
women,黃柔甄,4,中國 WCBA,福建廈門白鷺,https://www.instagram.com/jouchen0616/,active,local,,港澳台,G,172,65,1997/06/16,文化大學,加盟: 2023-24賽季,,,,,,,,,,,,,,,
women,陳薇安,6,中國 WCBA,河南豫光金鉛,https://wsbl.meetagile.com/player/oldRoster/594,active,local,,港澳台,G,177,-,1995/11/01,文化大學,加盟: 2024-25賽季,,,,,,,,,,,,,,,
women,彭曉彤,55,中國 WCBA,河南豫光金鉛,https://wsbl.meetagile.com/player/oldRoster/589,active,local,,港澳台,G,170,-,1998/02/19,文化大學,加盟: 2024-25賽季,,,,,,,,,,,,,,,
women,劉希曄,24,中國 WCBA,安徽合肥文旅,https://wsbl.meetagile.com/player/oldRoster/558,active,local,,港澳台,G,174,-,1991/10/10,臺灣師大,加盟: 2024-25賽季,,,,,,,,,,,,,,,
women,王維琳,11,中國 WCBA,安徽合肥文旅,https://wsbl.meetagile.com/player/oldRoster/571,active,local,,港澳台,F,181,-,1993/02/01,臺灣師大,加盟: 2024-25賽季,,,,,,,,,,,,,,,
women,謝羽姍,30,中國 WCBA,黑龍江上東,https://www.instagram.com/yushan__30/,active,local,2023Rookie,港澳台,G,161,60,2001/03/30,輔仁大學,加盟: 2024-25賽季,,,,,,,,,,,,,,,
women,陳昱潔,47,中國 WCBA,江西贛州贛星,https://www.instagram.com/0.6.1.5__/,active,local,2024Rookie,港澳台,F,180,-,2002/06/15,臺灣師大,加盟: 2024-25賽季,,,,,,,,,,,,,,,
women,許筱彤,31,韓國 WKBL,韓亞 1Q,https://www.wkbl.or.kr/player/detail.asp?player_group=12&tcode=&pno=095499,active,local,,歸化,C,182,72,1996/03/23,韓國 水原女高,加盟: 2024/04/12,,,,,,,,,,,,,,,
women,黃郁婷,1,WSBL,cathay,https://wsbl.meetagile.com/roster/148371,,local,,本土,PG/SG,163,54,1994/04/07,佛光大學,加盟: 2024-25賽季,,,,,,,,,,,,,,,
women,劉倩伶,4,WSBL,cathay,https://wsbl.meetagile.com/roster/148370,active,local,2024Rookie,本土,PG/SG,168,68,2000/01/12,文化大學,2024 WSBL 選秀 - #3 順位,,,,,,,,,,,,,,,
women,陳孟欣,5,WSBL,cathay,https://wsbl.meetagile.com/roster/148369,active,local,2020Rookie,本土,PG/SG,164,57,1999/10/07,佛光大學,加盟: 2022-23賽季,,,,,,,,,,,,,,,
women,黃鈴娟,6,WSBL,cathay,https://wsbl.meetagile.com/roster/148368,active,local,,本土,SF/PF,175,65,1994/12/06,文化大學,加盟: 2018-19賽季,,,,,,,,,,,,,,,
women,劉昕妤,7,WSBL,cathay,https://wsbl.meetagile.com/roster/148367,active,local,2020Rookie,本土,PG/SG,180,65,1998/11/23,佛光大學,加盟: 2022-23賽季,,,,,,,,,,,,,,,
women,羅蘋,8,WSBL,cathay,https://wsbl.meetagile.com/roster/148366,active,local,,本土,SF/PF,168,62,1996/04/02,文化大學,加盟: 2018-19賽季,,,,,,,,,,,,,,,
women,徐玉蓮,9,WSBL,cathay,https://wsbl.meetagile.com/roster/148365,active,local,2021Rookie,本土,SF/PF,176,67,1997/04/18,文化大學,保留名單: 2021-22賽季,,,,,,,,,,,,,,,
women,韓雅恩,10,WSBL,cathay,https://wsbl.meetagile.com/roster/148364,active,local,,本土,SF/PF,180,72,1995/01/01,文化大學,加盟: 2016-17賽季,,,,,,,,,,,,,,,
women,鄭伊秀,11,WSBL,cathay,https://wsbl.meetagile.com/roster/148363,active,local,,本土,SF/PF,178,75,1993/06/24,文化大學,加盟: 2013-14賽季,,,,,,,,,,,,,,,
women,陳鈺君,13,WSBL,cathay,https://wsbl.meetagile.com/roster/148362,active,local,,本土,SF/PF,178,70,1987/03/07,文化大學,加盟: 2019-20賽季,,,,,,,,,,,,,,,
women,歐婕,15,WSBL,cathay,https://wsbl.meetagile.com/roster/148361,active,local,,本土,SF/PF,181,68,1995/05/08,文化大學,加盟: 2016-17賽季,,,,,,,,,,,,,,,
women,黃巧鈞,16,WSBL,cathay,https://wsbl.meetagile.com/roster/148360,active,local,2023Rookie,本土,PG/SG,172,62,2001/10/24,文化大學,保留名單: 2023-24賽季,,,,,,,,,,,,,,,
women,郭虹廷,17,WSBL,cathay,https://wsbl.meetagile.com/roster/148359,,local,2024Rookie,本土,SF/PF,178,68,2002/12/27,文化大學,保留名單: 2024-25賽季,,,,,,,,,,,,,,,
women,蕭豫玟,18,WSBL,cathay,https://wsbl.meetagile.com/roster/148358,active,local,2023Rookie,本土,C,185,79,2005/03/05,HBL 淡水商工,保留名單: 2023-24賽季,,,,,,,,,,,,,,,
women,黃沁瑜,0,WSBL,taipower,https://wsbl.meetagile.com/roster/148381,active,local,2022Rookie,本土,SF/PF,169,56,2000/08/30,佛光大學,2022 WSBL 選秀 - #4 順位,,,,,,,,,,,,,,,
women,蘇苡瑈,2,WSBL,taipower,https://wsbl.meetagile.com/roster/148380,active,local,,本土,C,175,70,1992/03/19,佛光大學,加盟: 2019-20賽季,,,,,,,,,,,,,,,
women,宋瑞蓁,3,WSBL,taipower,https://wsbl.meetagile.com/roster/148379,active,local,2024Rookie,本土,PG/SG,160,59,2004/02/03,世新大學,2024 WSBL 選秀 - #2 順位,,,,,,,,,,,,,,,
women,吳侑萱,7,WSBL,taipower,https://wsbl.meetagile.com/roster/148378,active,local,2023Rookie,本土,C,183,70,1997/10/09,日本 體育大學,2023 WSBL 選秀 - #1 順位,,,,,,,,,,,,,,,
women,韓汛,8,WSBL,taipower,https://wsbl.meetagile.com/roster/148377,active,local,2024Rookie,本土,SF/PF,174,63,2004/03/18,世新大學,2024 WSBL 選秀 - #6 順位,,,,,,,,,,,,,,,
women,戴宜庭,13,WSBL,taipower,https://wsbl.meetagile.com/roster/148376,active,local,2020Rookie,本土,SF/PF,176,72,1995/11/12,文化大學,加盟: 2023-24賽季,,,,,,,,,,,,,,,
women,張譯文,15,WSBL,taipower,https://wsbl.meetagile.com/roster/148375,active,local,,本土,SF/PF,173,63,1996/05/16,臺灣體大,加盟: 2018-19賽季,,,,,,,,,,,,,,,
women,楊芷瑜,17,WSBL,taipower,https://wsbl.meetagile.com/roster/148374,active,local,2019Rookie,本土,C,180,71,1995/12/03,佛光大學,2019 WSBL 選秀 - #1 順位,,,,,,,,,,,,,,,
women,羅培儀,66,WSBL,taipower,https://wsbl.meetagile.com/roster/148373,active,local,2020Rookie,本土,PG/SG,163,55,2000/03/01,世新大學,加盟: 2023-24賽季,,,,,,,,,,,,,,,
women,彭惠貞,77,WSBL,taipower,https://wsbl.meetagile.com/roster/148372,active,local,2019Rookie,本土,PG/SG,169,57,1996/08/20,佛光大學,2019 WSBL 選秀 - #3 順位,,,,,,,,,,,,,,,
women,陳怡萱,0,WSBL,cht,https://wsbl.meetagile.com/roster/148340,active,local,2021Rookie,本土,C,175,61,1997/11/27,臺灣師大,2021 WSBL 選秀 - #2 順位,,,,,,,,,,,,,,,
women,潘姿吟,2,WSBL,cht,https://wsbl.meetagile.com/roster/148339,active,local,,本土,PG/SG,170,63,1992/07/23,臺灣師大,加盟: 2016-17賽季,,,,,,,,,,,,,,,
women,徐詩涵,4,WSBL,cht,https://wsbl.meetagile.com/roster/148338,active,local,2022Rookie,本土,PG/SG,164,58,2000/07/15,臺灣師大,保留名單: 2022-23賽季,,,,,,,,,,,,,,,
women,陳靳豫萱,6,WSBL,cht,https://wsbl.meetagile.com/roster/148337,active,local,2023Rookie,本土,SF/PF,173,66,2000/11/19,臺灣師大,保留名單: 2023-24賽季,,,,,,,,,,,,,,,
women,劉惠茹,7,WSBL,cht,https://wsbl.meetagile.com/roster/148336,active,local,2019Rookie,本土,SF/PF,162,52,1996/07/25,臺灣師大,保留名單: 2019-20賽季,,,,,,,,,,,,,,,
women,梁瑜玲,8,WSBL,cht,https://wsbl.meetagile.com/roster/148335,active,local,2024Rookie,本土,PG/SG,155,57,2000/07/25,佛光大學,2024 WSBL 選秀 - #5 順位,,,,,,,,,,,,,,,
women,吳明臻,9,WSBL,cht,https://wsbl.meetagile.com/roster/148334,active,local,2022Rookie,本土,SF/PF,169,65,1999/10/24,臺灣師大,保留名單: 2022-23賽季,,,,,,,,,,,,,,,
women,劉嘉瑋,10,WSBL,cht,https://wsbl.meetagile.com/roster/148333,active,local,,本土,SF/PF,175,85,1988/10/21,臺灣師大,加盟: 2008-09賽季,,,,,,,,,,,,,,,
women,陳芷英,11,WSBL,cht,https://wsbl.meetagile.com/roster/148332,active,local,2023Rookie,本土,SF/PF,174,64,2002/07/30,臺灣科大,2023 WSBL 選秀 - #2 順位,,,,,,,,,,,,,,,
women,黃湘婷,12,WSBL,cht,https://wsbl.meetagile.com/roster/148331,active,local,,本土,C,180,73,1993/01/26,臺灣師大,加盟: 2011-12賽季,,,,,,,,,,,,,,,
women,王竫婷,13,WSBL,cht,https://wsbl.meetagile.com/roster/148330,active,local,2022Rookie,本土,C,180,69,1998/02/21,佛光大學,2022 WSBL 選秀 - #1 順位,,,,,,,,,,,,,,,
women,陳雅彤,24,WSBL,cht,https://wsbl.meetagile.com/roster/148329,active,local,2022Rookie,本土,C,180,74,2000/08/31,臺灣師大,保留名單: 2022-23賽季,,,,,,,,,,,,,,,
women,林玉書,30,WSBL,cht,https://wsbl.meetagile.com/roster/148328,active,local,,本土,SF/PF,168,59,1996/06/30,輔仁大學,加盟: 2018-19賽季,,,,,,,,,,,,,,,
women,楊婉琳,31,WSBL,cht,https://wsbl.meetagile.com/roster/148327,active,local,2021Rookie,本土,SF/PF,170,60,1997/08/15,佛光大學,2021 WSBL 選秀 - #3 順位,,,,,,,,,,,,,,,
women,張家瑄,46,WSBL,cht,https://wsbl.meetagile.com/roster/148326,active,local,2024Rookie,本土,SF/PF,178,65,2005/04/06,世新大學,2024 WSBL 選秀 - #1 順位,,,,,,,,,,,,,,,
women,王游乙文,88,WSBL,cht,https://sleague.tw/roster/148273,active,local,2020Rookie,本土,SF/PF,175,80,1996/10/16,日本 拓殖大學,2020 WSBL 選秀 - #2 順位,,,,,,,,,,,,,,,
women,方曉晴,66,WSBL,taiyuen,https://wsbl.meetagile.com/roster/148341,active,local,2024Rookie,本土,SF/PF,169,64,1999/12/29,北市大學,2024 WSBL 選秀 - #7 順位,,,,,,,,,,,,,,,
women,廖瑋晴,0,WSBL,taiyuen,https://wsbl.meetagile.com/roster/148357,active,local,2023Rookie,本土,C,180,74,2001/01/14,北市大學,加盟: 2024/11/25,,,,,,,,,,,,,,,
women,黃凡珊,5,WSBL,taiyuen,https://wsbl.meetagile.com/roster/148356,active,local,,本土,PG/SG,175,66,1987/09/29,文化大學,加盟: 2024/11/25,,,,,,,,,,,,,,,
women,卓敬,6,WSBL,taiyuen,https://wsbl.meetagile.com/roster/148355,active,local,,本土,SF/PF,172,68,1997/10/13,世新大學,加盟: 2018-19賽季,,,,,,,,,,,,,,,
women,朱育勤,7,WSBL,taiyuen,https://wsbl.meetagile.com/roster/148354,active,local,2020Rookie,本土,PG/SG,163,59,1996/04/01,北市大學,2020 WSBL 選秀 - #3 順位,,,,,,,,,,,,,,,
women,蔡佩真,10,WSBL,taiyuen,https://wsbl.meetagile.com/roster/148352,active,local,,本土,C,186,80,1984/05/27,北市大學,加盟: 2004-05賽季,,,,,,,,,,,,,,,
women,吳盈潔,12,WSBL,taiyuen,https://wsbl.meetagile.com/roster/148351,active,local,,本土,SF/PF,178,68,1992/11/03,臺灣師大,加盟: 2019-20賽季,,,,,,,,,,,,,,,
women,林文佑,13,WSBL,taiyuen,https://wsbl.meetagile.com/roster/148350,active,local,,本土,C,180,70,1995/08/01,文化大學,加盟: 2018-19賽季,,,,,,,,,,,,,,,
women,黃英利,14,WSBL,taiyuen,https://wsbl.meetagile.com/roster/148349,active,local,,本土,SF/PF,170,65,1989/02/24,文化大學,加盟: 2022-23賽季,,,,,,,,,,,,,,,
women,許玟瑄,17,WSBL,taiyuen,https://wsbl.meetagile.com/roster/148348,active,local,2023Rookie,本土,C,177,73,2000/01/17,世新大學,保留名單: 2023-24賽季,,,,,,,,,,,,,,,
women,史靜茹,18,WSBL,taiyuen,https://wsbl.meetagile.com/roster/148347,active,local,2020Rookie,本土,C,182,75,1995/11/06,北市大學,保留名單: 2020-21賽季,,,,,,,,,,,,,,,
women,瑪麗,21,WSBL,taiyuen,https://wsbl.meetagile.com/roster/148382,active,import,,洋將,C,195,88,1994/05/28,-,加盟: 2024/12/20,,,,,,,,,,,,,,,
women,林蝶,22,WSBL,taiyuen,https://wsbl.meetagile.com/roster/148346,active,local,2021Rookie,本土,C,179,70,1999/08/02,世新大學,保留名單: 2021-22賽季,,,,,,,,,,,,,,,
women,宋佩欣,24,WSBL,taiyuen,https://wsbl.meetagile.com/roster/148345,active,taiwanese,2021Rookie,華裔,SF/PF,176,77,1998/03/03,NCAA D1 UC Davis,加盟: 2021-22賽季,,,,,,,,,,,,,,,
women,蘇嘉嫻,27,WSBL,taiyuen,https://wsbl.meetagile.com/roster/148344,active,local,2022Rookie,本土,SF/PF,175,67,1999/09/27,世新大學,保留名單: 2022-23賽季,,,,,,,,,,,,,,,
women,羅培甄,35,WSBL,taiyuen,https://wsbl.meetagile.com/roster/148343,active,local,2020Rookie,本土,SF/PF,175,60,1998/10/11,世新大學,保留名單: 2020-21賽季,,,,,,,,,,,,,,,
women,張琦玟,37,WSBL,taiyuen,https://wsbl.meetagile.com/roster/148342,active,local,2023Rookie,本土,C,179,79,2000/03/04,日本 環太平洋大學,2023 WSBL 選秀 - #3 順位,,,,,,,,,,,,,,,
women,藍浩語,,WSBL,cathay,,,local,,本土,-,170,-,1983/08/02,文化大學,加盟: 2004-05賽季,,,,,,,,,,,,,,,
women,李宥叡,,WSBL,cathay,,,local,,本土,-,180,-,1986/12/23,文化大學,加盟: 2005-06賽季,,,,,,,,,,,,,,,
women,林釵娟,,WSBL,taipower,,,local,2023Rookie,本土,-,174,-,2000/01/03,臺灣師大,2023 WSBL 選秀 - #4 順位,,,,,,,,,,,,,,,
women,李吟娸,,WSBL,taipower,,,local,2022Rookie,本土,-,165,-,2000/09/20,世新大學,2022 WSBL 選秀 - #2 順位,,,,,,,,,,,,,,,
women,林芷安,,WSBL,taipower,,,local,,本土,-,165,-,1991/12/27,北市大學,加盟: 2010-11賽季,,,,,,,,,,,,,,,
women,許庭瑜,,WSBL,cht,,,local,2022Rookie,本土,-,176,-,1997/09/12,臺灣師大,保留名單: 2022-23賽季,,,,,,,,,,,,,,,
,王玥媞,,,cathay,,,,,,,,,,,保留名單,,,,,,,,,,,,,,,
,鄭慧慈,,,cathay,,,,,,,,,2001/10/05,,保留名單,,,,,,,,,,,,,,,
,邱群琋,,,cathay,,,,,,,,,2004/08/23,,保留名單,,,,,,,,,,,,,,,
,林妘樺,,,taiyuen,,,,,,,,,2001/03/04,,保留名單,,,,,,,,,,,,,,,
,趙云楓,,,taiyuen,,,,,,,,,2002/09/18,,2024 WSBL 選秀 - #4 順位,,,,,,,,,,,,,,,
,曾萱儀,,,,,,,,,,,,2001/03/11,,,,,,,,,,,,,,,,,
,彭楹芷,,,taipower,,,,,,,,,,,保留名單,,,,,,,,,,,,,,,
,林奕瑄,,,taipower,,,,,,,,,,,保留名單,,,,,,,,,,,,,,,
,柯采璇,,,taipower,,,,,,,,,,,保留名單,,,,,,,,,,,,,,,
,游沁樺,,,taipower,,,,,,,,,,,保留名單,,,,,,,,,,,,,,,
,陳芊諭,,,taipower,,,,,,,,,,,保留名單,,,,,,,,,,,,,,,
,張婕柔,,,taipower,,,,,,,,,,,保留名單,,,,,,,,,,,,,,,