0,1,2,3,4,5,6,7,8,9,10,11,12,13,14,15,16,17,18,19,20,23,22,23,24,25,26,27,28
性別,球員,#,聯盟,球隊,連結,現役,身份,新秀,聯盟身份,位置,身高,體重,生日,學歷,入隊方式,前球隊,class,合約,,剩餘年限,備注,連結,,自由球員,GP,PPG,RPG,APG
men,劉錚,5,CBA,上海久事,https://www.cbaleague.com/data/#/playerMain?playerId=958480,active,local,,港澳台,F,191,82,1990/11/24,明道大學,加盟: 2020-21賽季,,,2023-24,1年,0,,續約1年,https://weibo.com/1713437511/N9bqxisUF,-,41,11.7,4.8,3.7
men,陳盈駿,9,CBA,廣州龍獅,https://www.cbaleague.com/data/#/playerMain?playerId=100002141,active,local,,港澳台,G,182,86,1993/06/09,NCAA D1 Liberty,2017 CBA 選秀 - #1 順位,,,2023-24,3年,2,,續約3年,https://weibo.com/1859597684/N7xKfgWu8,,,,, 
men,林庭謙,0,CBA,天津先行者,https://www.cbaleague.com/data/#/playerMain?playerId=100025767,active,local,2020Rookie,港澳台,G,190,80,1999/10/31,NCAA D1 Bryant,2020 CBA 選秀 - #3 順位,,,2023-24,3年,2,,續約3年,https://weibo.com/2337547167/N8l2dpPWH,,,,,
men,林彥廷,0,CBA,北京控股,https://www.cbaleague.com/data/#/playerMain?playerId=100012995,active,local,2023Rookie,港澳台,G,185,86,2000/10/22,政治大學,2023 CBA 選秀 - #3 順位,,2023Draft,2023-24,2年,1,,新秀,https://weibo.com/5869834778/N9WOYuFvn,,,,,
men,林秉聖,0,CBA,浙江廣廈,https://taipeimars.com.tw/team/11,active,local,,港澳台,G,184,77,1996/12/26,文化大學,2024 CBA 選秀 - #4 順位,mars,2024Draft,2024-25,,,,,,,,,,
men,陳將双,5,CBA,南京同曦,https://www.instagram.com/owenchen_11/,active,local,2024Rookie,港澳台,G,187,85,2002/10/16,世新大學,2024 CBA 選秀 - #8 順位,,2024Draft,2024-25,,,,,,,,,,
men,陳冠中,,CBA,吉林九台農商,https://www.instagram.com/tim121010/,active,local,2024Rookie,港澳台,G,187,83,2001/12/10,國立體大,2024 CBA 選秀 - #21 順位,,2024Draft,2024-25,,,,,,,,,,
men,阿巴西,0,日本 B1,秋田北部喜悅,https://www.bleague.jp/roster_detail/?PlayerID=51000384,active,local,2021Rookie,亞外,F,189,92,1998/04/27,世新大學,加盟: 2024/06/17,dea,,2024-25,1+1年,1+1,,1+1年合約,https://sports.ltn.com.tw/news/breakingnews/4707957,,,,,
men,游艾喆,7,日本 B1,滋賀湖泊,https://www.bleague.jp/roster_detail/?PlayerID=51000382,active,local,2024Rookie,亞外,G,180,78,2002/02/14,政治大學,加盟: 2024/06/24 (新秀),,,2024-25,1年,1,,1年合約,https://www.cna.com.tw/news/aspt/202406240270.aspx,,,,,
men,曾祥鈞,88,日本 B1,名古屋戰鷹,https://pleagueofficial.com/player/52,active,local,2020Rookie,亞外,C,205,95,1998/08/08,輔仁大學,加盟: 2024/07/15,braves,,2024-25,1年,1,,1年合約,https://sports.ettoday.net/news/2780706,完成簽約,27,5.2,4.1,0.8
men,謝宗融,13,日本 B3,金沢武士團,https://pleagueofficial.com/player/274,active,local,,亞外,C,199,98,1995/08/16,臺灣科大,加盟: 2024/07/12,braves,,2024-25,,,,,,完成簽約,16,3.1,2.0,0.1
men,賴廷恩,0,PLG,braves,https://pleagueofficial.com/player/40,active,local,,本土,G,176,70,1996/07/22,輔仁大學,2018 SBL 選秀 - #3 順位,,,2021-22,3年,0,,提前換約,https://www.instagram.com/p/CSI2d6-hL7j/?utm_source=ig_web_copy_link&igshid=MzRlODBiNWFlZA==,,,,,
men,陳又瑋,4,PLG,braves,https://pleagueofficial.com/player/204,active,local,2021Rookie,本土,G,183,83,1999/12/29,臺灣師大,加盟: 2024/08/01,steelers,,2024-25,,,,,,完成簽約,39,11.0,5.4,6.2
men,吳永盛,6,PLG,braves,https://pleagueofficial.com/player/229,active,local,,本土,G,186,82,1996/10/19,NCAA D1 Sacramento St.,加盟: 2023-24賽季,,,2023-24,複數年,,,複數年,https://www.instagram.com/p/CvY2I_Vvejo/?utm_source=ig_web_copy_link&igshid=MzRlODBiNWFlZA==,,,,,
men,金恩,7,PLG,braves,https://ghosthawks.tw/team/170,active,import,,洋將,F,203,102,1995/08/05,-,加盟: 2024/07/23,ghosthawks,,2024-25,,,,,,,,,,
men,周桂羽,8,PLG,braves,https://pleagueofficial.com/player/46,active,local,2020Rookie,本土,F,193,95,1998/07/19,臺灣師大,加盟: 2020-21賽季 (新秀),,extension,2024-25,複數年,,,複數年,https://www.instagram.com/p/C9gwnAKz3P-/?utm_source=ig_web_copy_link&igsh=MzRlODBiNWFlZA==,已續約,40,7.6,2.4,2.7
men,洪楷傑,11,PLG,braves,https://pleagueofficial.com/player/235,active,local,2021Rookie,本土,G,185,85,1998/10/07,政治大學,交易 from 國王: 2022/08/08,,extension,2024-25,複數年,,,複數年,https://www.instagram.com/p/C9d-EpZz-td/?utm_source=ig_web_copy_link,已續約,32,5.5,2.0,1.8
men,林志傑,12,PLG,braves,https://pleagueofficial.com/player/48,active,local,,本土,G,192,92,1982/06/11,文化大學,加盟: 2019-20賽季,,extension,2024-25,1年,1,,續約1年,https://www.instagram.com/p/C8oYWPMvZEA/?utm_source=ig_web_copy_link&igsh=MzRlODBiNWFlZA==,已續約,36,9.9,4.7,2.7
men,林孟學,13,PLG,braves,https://pleagueofficial.com/player/49,active,local,,本土,F,195,88,1992/10/14,國立體大,2015 SBL 選秀 - #9 順位,,,,,,,,,-,5,2.6,1.6,0.4
men,蔡文誠,14,PLG,braves,https://pleagueofficial.com/player/50,active,local,,本土,F,190,96,1985/05/31,彰化師大,加盟: 2016-17賽季,,,2022-23,3年,1,,續約3年,https://www.instagram.com/p/Ch_wkRPv_q1/?utm_source=ig_web_copy_link&igshid=MzRlODBiNWFlZA==,,,,,
men,林郅為,18,PLG,braves,https://pleagueofficial.com/player/286,active,local,,本土,C,200,95,1992/07/10,文化大學,加盟: 2024/07/18,steelers,,2024-25,複數年,,,複數年,https://www.instagram.com/p/C9jHWRxTEqx/?utm_source=ig_web_copy_link&igsh=MzRlODBiNWFlZA==,完成簽約,36,3.8,1.8,0.3
men,石博恩,23,PLG,braves,https://pleagueofficial.com/player/53,active,uba_import,2020Rookie,外籍生,F,198,98,1995/10/05,健行科大,加盟: 2020-21賽季 (新秀),,,2022-23,3年,1,,續約3年,https://www.instagram.com/p/CgI9tC9vOWk/?utm_source=ig_web_copy_link&igshid=MzRlODBiNWFlZA==,,,,,
men,簡廷兆,24,PLG,braves,https://pleagueofficial.com/player/275,active,local,2022Rookie,本土,G,183,80,1998/01/16,健行科大,2022 PLG 選秀 - #6 順位,,2022Draft,2022-23,2+1年 (球隊選擇權),0+1,,新秀合約,https://www.instagram.com/p/Chtm6ItPP39/?utm_source=ig_web_copy_link&igshid=MzRlODBiNWFlZA==,,,,,
men,蔡鎮嶽,33,PLG,braves,https://pleagueofficial.com/player/361,active,local,2023Rookie,本土,F,197,93,2000/01/26,高雄師大,2023 PLG 選秀 - #6 順位,,2023Draft,2023-24,2+1年 (球隊選擇權),1+1,,新秀合約,https://www.instagram.com/p/CwFJ4TVPr4M/?utm_source=ig_web_copy_link&igshid=MzRlODBiNWFlZA==,,,,,
men,莫巴耶,00,PLG,braves,,active,uba_import,2024Rookie,外籍生,F,205,105,2001/01/01,政治大學,2024 PLG 選秀 - #1 順位,,2024Draft,2024-25,24' 新秀合約,,,,,,,,,
men,周儀翔,0,PLG,pilots,https://pleagueofficial.com/player/262,active,local,,本土,F,191,99,1991/02/04,NJCAA Salt Lake,交易 from 鋼鐵人: 2023/06/19,,,,3+2年 (球隊選擇權),,,延長3+2年,https://www.instagram.com/p/CwwmxxjP3K4/?utm_source=ig_web_copy_link&igshid=MzRlODBiNWFlZA==,,,,,
men,丁恩迪,1,PLG,pilots,https://pleagueofficial.com/player/293,active,uba_import,2022Rookie,外籍生,C,206,110,1998/08/01,政治大學,2022 PLG 選秀 - #4 順位,,2022Draft,2022-23,22' 新秀合約,,,,,,,,,
men,陳昱瑞,2,PLG,pilots,https://pleagueofficial.com/player/219,active,local,,本土,G,185,81,1995/12/22,國立體大,加盟: 2021-22賽季,,extension,2024-25,5年,5,,續約5年,https://www.instagram.com/p/C8_XoZgS-m1/?utm_source=ig_web_copy_link&igsh=MzRlODBiNWFlZA==,已續約,37,3.2,1.7,1.3
men,陳力生,3,PLG,pilots,,active,local,2024Rookie,本土,G,175,68,2002/09/16,國立體大,2024 PLG 選秀 - #4 順位,,2024Draft,2024-25,24' 新秀合約,,,,,,,,,
men,關達祐,6,PLG,pilots,https://pleagueofficial.com/player/58,active,local,2020Rookie,本土,G,182,77,1997/09/15,國立體大,加盟: 2020-21賽季 (新秀),,extension,2024-25,5年,5,,續約5年,https://www.instagram.com/p/C8_XoZgS-m1/?utm_source=ig_web_copy_link&igsh=MzRlODBiNWFlZA==,已續約,38,2.5,1.5,1.7
men,喬楚瑜,7,PLG,pilots,https://pleagueofficial.com/player/365,active,local,2023Rookie,本土,F,198,98,2000/09/28,輔仁大學,2023 PLG 選秀 - #2 順位,,2023Draft,2023-24,23' 新秀合約,,,,,,,,,
men,林子洧,10,PLG,pilots,https://pleagueofficial.com/player/294,active,local,2022Rookie,本土,G,188,82,2000/05/12,高雄師大,2022 PLG 選秀 - #7 順位,,2022Draft,2022-23,22' 新秀合約,,,,,,,,,
men,李家慷,12,PLG,pilots,https://pleagueofficial.com/player/218,active,local,,本土,G,185,85,1998/10/16,國立體大,加盟: 2021-22賽季,,,2021-22,,,,,,,,,,
men,伯朗,21,PLG,pilots,https://pleagueofficial.com/player/252,active,import,,洋將,C,216,107,1992/07/23,-,加盟: 2023-24賽季,,extension,2024-25,,,,,,,,,,
men,葛拉漢,24,PLG,pilots,https://pleagueofficial.com/player/411,active,import,,洋將,F,198,100,1993/10/28,-,加盟: 2023-24賽季,,extension,2024-25,,,,,,,,,,
men,林正,25,PLG,pilots,https://pleagueofficial.com/player/64,active,local,2020Rookie,本土,C,205,107,2000/07/25,國立體大,加盟: 2020-21賽季 (新秀),,,2020-21,,,,,,,,,,
men,白曜誠,30,PLG,pilots,https://pleagueofficial.com/player/298,active,local,2022Rookie,本土,G,182,77,1999/02/02,義守大學,2022 PLG 選秀 - #3 順位,,2022Draft,2022-23,22' 新秀合約,,,,,,,,,
men,盧峻翔,69,PLG,pilots,https://pleagueofficial.com/player/226,active,local,2020Rookie,本土,G,188,82,1997/07/15,輔仁大學,加盟: 2021-22賽季,,extension,2024-25,5年,5,,續約5年,https://www.instagram.com/p/C8_XoZgS-m1/?utm_source=ig_web_copy_link&igsh=MzRlODBiNWFlZA==,已續約,37,16.8,4.1,3.3
men,李允傑,,PLG,ghosthawks,,active,local,2024Rookie,本土,G,190,84,2000/08/21,政治大學,2024 PLG 選秀 - #2 順位,,2024Draft,2024-25,24' 新秀合約,,,,,,,,,
men,張志豪,,PLG,ghosthawks,,active,local,2024Rookie,本土,G,176,70,2001/12/29,臺灣體大,2024 PLG 選秀 - #5 順位,,2024Draft,2024-25,24' 新秀合約,,,,,,,,,
men,劉駿霆,,PLG,ghosthawks,https://www.bleague.jp/roster_detail/?PlayerID=51000324,active,local,2021Rookie,本土,F,187,75,1999/03/31,健行科大,2021 T1 選秀 - R4 指名,B2 青森,,2024-25,,,,,,,,,,
men,谷毛唯嘉,3,PLG,ghosthawks,https://ghosthawks.tw/team/149,active,local,2022Rookie,本土,G,175,68,1999/12/04,健行科大,2022 T1 選秀 - R1 指名,,extension,2024-25,,,,,,已續約,27,9.6,1.5,3.7
men,翟蒙,4,PLG,ghosthawks,,active,import,,洋將,F,203,111,1992/05/28,-,加盟: 2024/08/06,,,2024-25,,,,,,,,,,
men,白薩,6,PLG,ghosthawks,https://ghosthawks.tw/team/122,active,uba_import,2022Rookie,外籍生,G,183,75,1997/10/30,宏國德霖,加盟: 2023-24賽季,,,2023-24,,,特案外籍生,特案,https://t1league.basketball/announcements/779/2022.9.18%E8%81%AF%E7%9B%9F%E5%85%AC%E5%91%8A,,,,,
men,吳彥侖,9,PLG,ghosthawks,https://sleague.tw/player/oldRoster/7020,away,local,,本土,G,182,72,1997/06/18,義守大學,加盟: 2022-23賽季,,,2023-24,,,租借至 SBL裕隆,租借,https://tw.sports.yahoo.com/news/sbl%E8%A3%95%E9%9A%86%E7%B0%BD%E8%B3%AD%E6%A1%88%E6%88%B0%E5%8A%9B%E5%A4%A7%E5%82%B7-t1%E7%8D%B5%E9%B7%B9%E6%9A%96%E5%BF%83%E4%BA%A4%E6%B5%81%E9%80%81%E5%87%BA4%E5%90%8D%E7%90%83%E5%93%A1-073018186.html,,,,,
men,胡凱翔,12,PLG,ghosthawks,https://ghosthawks.tw/team/151,active,local,,本土,F,190,93,1991/05/16,文化大學,加盟: 2022-23賽季,,,2022-23,,,,,,,,,,
men,吳宏興,18,PLG,ghosthawks,https://ghosthawks.tw/team/145,active,local,,本土,C,202,96,1989/10/21,HBL 新榮高中,加盟: 2022-23賽季,,,2022-23,,,,,,,,,,
men,呂冠霆,21,PLG,ghosthawks,https://ghosthawks.tw/team/147,active,local,,本土,F,197,100,1992/10/13,臺灣藝大,加盟: 2022-23賽季,,,2022-23,,,,,,,,,,
men,高承恩,22,PLG,ghosthawks,https://sleague.tw/player/oldRoster/7021,away,local,2022Rookie,本土,G,175,75,1999/12/23,健行科大,加盟: 2023-24賽季,,,2023-24,,,租借至 SBL裕隆,租借,https://tw.sports.yahoo.com/news/sbl%E8%A3%95%E9%9A%86%E7%B0%BD%E8%B3%AD%E6%A1%88%E6%88%B0%E5%8A%9B%E5%A4%A7%E5%82%B7-t1%E7%8D%B5%E9%B7%B9%E6%9A%96%E5%BF%83%E4%BA%A4%E6%B5%81%E9%80%81%E5%87%BA4%E5%90%8D%E7%90%83%E5%93%A1-073018186.html,,,,,
men,郭少傑,24,PLG,ghosthawks,https://ghosthawks.tw/team/204,active,local,,本土,F,190,84,1990/04/09,東南科大,加盟: 2023-24賽季,,,2023-24,,,,,,,,,,
men,藍少甫,25,PLG,ghosthawks,https://sleague.tw/player/oldRoster/626,active,local,2021Rookie,本土,F,195,100,1997/03/21,國立體大,加盟: 2023-24賽季,yulon,,2023-24,,,,,,,,,,
men,韓杰諭,29,PLG,ghosthawks,https://ghosthawks.tw/team/153,active,local,2022Rookie,本土,F,194,95,1999/12/17,國立體大,2022 T1 選秀 - R1 指名,,2022Draft,2022-23,22' 新秀合約,,,,,,,,,
men,鉑金,33,PLG,ghosthawks,,active,import,,洋將,F,203,115,1996/10/15,-,加盟: 2024/07/30,,,2024-25,,,,,,,,,,
men,吳岱豪,54,PLG,ghosthawks,https://sleague.tw/player/oldRoster/42,active,local,,本土,C,203,108,1985/02/07,臺灣師大,加盟: 2022-23賽季,yulon,,2023-24,,,,,,,,,,
men,張博勝,68,PLG,ghosthawks,https://ghosthawks.tw/team/205,active,local,,本土,G,185,82,1987/02/02,臺灣藝大,加盟: 2023-24賽季,,,2023-24,,,,,,,,,,
men,馬克斯,,PLG,steelers,,active,uba_import,2024Rookie,外籍生,F,198,98,2000/05/10,虎尾科大,2024 PLG 選秀 - #3 順位,,2024Draft,2024-25,24' 新秀合約,,,,,,,,,
men,莊朝勝,,PLG,steelers,,active,local,2024Rookie,本土,G,178,75,2003/02/09,政治大學,2024 PLG 選秀 - #6 順位,,2024Draft,2024-25,24' 新秀合約,,,,,,,,,
men,王凱裕,,PLG,steelers,,active,local,2024Rookie,本土,G,190,83,2002/01/11,政治大學,2024 PLG 選秀 - #7 順位,,2024Draft,2024-25,24' 新秀合約,,,,,,,,,
men,林心翔,,PLG,steelers,,active,local,2024Rookie,本土,G,185,80,2001/04/09,臺灣師大,2024 PLG 選秀 - #10 順位,,2024Draft,2024-25,24' 新秀合約,,,,,,,,,
men,朱育君,,PLG,steelers,,active,local,2024Rookie,本土,G,183,80,2000/11/22,高雄師大,2024 PLG 選秀 - #11 順位,,2024Draft,2024-25,24' 新秀合約,,,,,,,,,
men,陳范柏彥,,PLG,steelers,https://pleagueofficial.com/player/270,active,local,2022Rookie,本土,G,196,90,2000/01/24,健行科大,交易 from 勇士: 2024/07/12,braves,2022Draft trade,2022-23,2+1年 (球隊選擇權),0+1,,新秀合約,https://www.instagram.com/p/ChtmpARvJiy/?utm_source=ig_web_copy_link&igshid=MzRlODBiNWFlZA==,,,,,
men,劉彥廷,,PLG,steelers,https://taipeimars.com.tw/team/187,active,local,2023Rookie,本土,F,196,96,2000/01/07,僑光科大,加盟: 2024/07/25,mars,,2024-25,,,,,,完成簽約,7,1.6,0.7,0.3
men,李威廷,,PLG,steelers,https://pleagueofficial.com/player/288,active,local,2022Rookie,本土,G,181,80,1999/10/03,世新大學,加盟: 2024/08/02,kings,,2024-25,,,,,,完成簽約,19,4.6,1.0,0.6
men,高瑋倫,,PLG,steelers,,active,local,2024Rookie,本土,G,183,76,2001/12/15,萬能科大,加盟: 2024/08/09,,,2024-25,,,,,,,,,,
men,劉承彥,2,PLG,steelers,https://pleagueofficial.com/player/376,active,local,2023Rookie,本土,G,172,73,2001/07/08,義守大學,2023 PLG 選秀 - #8 順位,,2023Draft,2023-24,23' 新秀合約,,,,,,,,,
men,丹尼爾,35,PLG,steelers,https://pleagueofficial.com/player/378,active,uba_import,2023Rookie,外籍生,C,208,96,2000/08/07,世新大學,2023 PLG 選秀 - #4 順位,,2023Draft,2023-24,23' 新秀合約,,,,,,,,,
men,林秉聖,-,TPBL,mars,https://taipeimars.com.tw/team/11,away,local,,本土,G,184,77,1996/12/26,文化大學,加盟: 2023-24賽季,,,2023-24,3年,2,行使旅外條款,3年合約,https://www.instagram.com/p/C86BYiGypua/?utm_source=ig_web_copy_link&igsh=MzRlODBiNWFlZA==,,,,,
men,丁聖儒,3,TPBL,mars,https://taipeimars.com.tw/team/31,active,local,2021Rookie,本土,G,174,75,1998/08/22,NAIA St. Francis (III.),加盟: 2023-24賽季,,,2023-24,,,,,,,,,,
men,江 均,6,TPBL,mars,,active,local,2024Rookie,本土,F,193,93,2001/09/11,輔仁大學,2024 TPBL 選秀 - #6 順位,,2024Draft,2024-25,24' 新秀合約,,,,,,,,,
men,陳文宏,8,TPBL,mars,https://taipeimars.com.tw/team/35,active,local,,本土,F,188,98,1991/07/14,國立體大,加盟: 2023-24賽季,,,2023-24,,,,,,,,,,
men,張兆辰,9,TPBL,mars,https://taipeimars.com.tw/team/188,active,local,2023Rookie,本土,F,196,97,2000/09/02,臺灣師大,2023 T1 選秀 - #3 順位,,2023Draft,2023-24,23' 新秀合約,,,,,,,,,
men,黃聰翰,11,TPBL,mars,https://taipeimars.com.tw/team/3,active,local,,本土,F,193,96,1994/07/07,明道大學,交易 from 雲豹: 2023/07/12,,trade,,未知,,,,,,,,,
men,林宜輝,12,TPBL,mars,https://taipeimars.com.tw/team/164,active,local,,本土,F,192,100,1986/03/24,臺灣師大,加盟: 2023-24賽季,,,2023-24,2年,1,,2年合約,https://sports.ettoday.net/news/2582609,,,,,
men,奧利佛,15,TPBL,mars,,active,import,,洋將,F,203,,1992/07/02,-,加盟: 2024/08/03,,,2024-25,,,,,,,,,,
men,孫思堯,20,TPBL,mars,https://taipeimars.com.tw/team/39,active,local,2020Rookie,本土,C,203,105,1997/10/03,NCAA D2 NYIT,加盟: 2023-24賽季,,,2023-24,,,,,,,,,,
men,錢肯尼,23,TPBL,mars,https://pleagueofficial.com/player/149,active,taiwanese,,華裔,G,186,88,1995/02/06,NJCAA Broward,加盟: 2024/07/31,dreamers,,2024-25,,,,,,完成簽約,35,4.5,1.8,1.4
men,王律翔,24,TPBL,mars,https://pleagueofficial.com/player/211,active,local,2021Rookie,本土,G,184,83,1997/12/21,中州科大,加盟: 2024/08/01,steelers,,2024-25,,,,,,完成簽約,39,7.0,1.6,0.8
men,張耕淯,29,TPBL,mars,https://taipeimars.com.tw/team/190,active,local,,本土,G,188,88,1995/10/16,臺灣體大,加盟: 2023-24賽季,,,2023-24,,,,,,,,,,
men,雷蒙恩,33,TPBL,mars,,active,local,2024Rookie,本土,G,197,91,2001/09/24,NCAA D1 UC Davis,2024 TPBL 選秀 - #1 順位,,2024Draft,2024-25,24' 新秀合約,,,,,,,,,
men,蘇奕晉,41,TPBL,mars,https://ghosthawks.tw/team/38,active,local,,本土,F,196,105,1993/12/29,明道大學,加盟: 2024/07/12,ghosthawks,,2024-25,,,,,,完成簽約,20,5.3,2.4,1.6
men,曹薰襄,57,TPBL,mars,https://taipeimars.com.tw/team/134,active,local,2022Rookie,本土,G,181,81,1999/03/16,臺灣藝大,加盟: 2023-24賽季,,,2023-24,,,,,,,,,,
men,陳冠全,62,TPBL,mars,https://pleagueofficial.com/player/67,active,local,,本土,C,197,110,1993/12/30,國立體大,加盟: 2024/07/05,steelers,,2024-25,,,,,,完成簽約,35,2.2,1.9,0.7
men,林書緯,1,TPBL,kings,https://pleagueofficial.com/player/41,active,taiwanese,,華裔,G,185,73,1992/06/21,NCAA D3 Hamilton,交易 from 勇士: 2022/08/08,,,2022-23,,,,,,,,,,
men,蘇培凱,2,TPBL,kings,https://pleagueofficial.com/player/380,active,local,2023Rookie,本土,F,187,83,1999/11/02,臺灣藝大,2023 PLG 選秀 - #5 順位,,2023Draft,2023-24,23' 新秀合約,,,,,,,,,
men,陳俊男,3,TPBL,kings,https://pleagueofficial.com/player/232,active,local,2021Rookie,本土,F,190,90,2000/04/20,國立體大,2021 PLG 選秀 - #3 順位,,,2023-24,,,,提前續約,https://www.instagram.com/p/CvHEZXCLa6M/?utm_source=ig_web_copy_link,,,,,
men,強森,5,TPBL,kings,https://pleagueofficial.com/player/269,active,import,,洋將,C,211,105,1985/07/17,-,加盟: 2024/07/24,braves,,2024-25,,,,,,,,,,
men,林書豪,7,TPBL,kings,https://pleagueofficial.com/player/354,active,taiwanese,,華裔,G,192,95,1988/08/23,NCAA D1 Harvard,加盟: 2023-24賽季,,,2023-24,1+1年 (球員選擇權),0+1,,1+1年合約,https://www.instagram.com/p/CxXnALWPVx7/?utm_source=ig_web_copy_link&igsh=MzRlODBiNWFlZA==,,,,,
men,李愷諺,9,TPBL,kings,https://pleagueofficial.com/player/233,active,local,,本土,G,182,80,1993/05/06,醒吾科大,加盟: 2021-22賽季,,extension,2024-25,3年,3,,續約3年,https://www.instagram.com/p/C9jQqHZv06I/?utm_source=ig_web_copy_link&igsh=MzRlODBiNWFlZA==,,,,,
men,簡祐哲,10,TPBL,kings,https://pleagueofficial.com/player/234,active,local,,本土,G,180,80,1995/09/10,健行科大,加盟: 2021-22賽季,,,2023-24,,,,提前續約,https://www.instagram.com/p/CuqqZqyLj1M/?utm_source=ig_web_copy_link,,,,,
men,王柏智,11,TPBL,kings,https://pleagueofficial.com/player/89,active,local,,本土,F,195,130,1996/10/29,國立體大,加盟: 2023-24賽季,,,2023-24,,,,,,,,,,
men,呂政儒,13,TPBL,kings,https://pleagueofficial.com/player/208,active,local,,本土,F,194,93,1986/04/13,文化大學,加盟: 2024/07/15,steelers,,2024-25,,,,,,完成簽約,11,12.9,2.7,2.8
men,蘇士軒,17,TPBL,kings,https://pleagueofficial.com/player/290,active,local,2020Rookie,本土,F,197,95,1996/04/09,臺灣師大,加盟: 2023-24賽季,,extension,2024-25,,,,,,已續約,35,5.5,4.1,0.8
men,林金榜,19,TPBL,kings,https://pleagueofficial.com/player/263,active,local,,本土,F,190,90,1985/06/15,臺灣體大,加盟: 2022-23賽季,,,2022-23,,,,,,,,,,
men,洪志善,24,TPBL,kings,https://pleagueofficial.com/player/237,active,local,,本土,G,176,75,1985/07/05,臺北科大,加盟: 2021-22賽季,,,2023-24,2年,1,,2年合約,https://youtu.be/0_EQN9t68-E?si=A0aQETF57LeM_fdV&t=220,,,,,
men,奧帝,25,TPBL,kings,https://pleagueofficial.com/player/341,active,import,,洋將,F,207,91,1988/06/05,-,加盟: 2023-24賽季,,extension,2024-25,,,,,,,,,,
men,沃許本,42,TPBL,kings,https://pleagueofficial.com/player/299,active,import,,洋將,C,213,111,1990/06/05,-,加盟: 2024/08/01,pilots,,2024-25,,,,,,,,,,
men,戴維斯,50,TPBL,kings,https://pleagueofficial.com/player/69,active,naturalized,,本土,C,203,100,1983/02/16,-,加盟: 2021-22賽季,,,2021-22,,0,,合約年,https://www.nownews.com/news/6432833,,,,,
men,曼尼高,55,TPBL,kings,https://pleagueofficial.com/player/337,active,import,,洋將,G,196,95,1991/05/22,-,加盟: 2022-23賽季,,extension,2024-25,,,,,,,,,,
men,林力仁,72,TPBL,kings,https://pleagueofficial.com/player/76,active,local,,本土,G,183,85,1990/06/16,明道大學,加盟: 2021-22賽季,,,2023-24,,,,,,,,,,
men,余維豪,,TPBL,dea,,active,local,2024Rookie,本土,G,173,70,2001/10/24,臺灣藝大,2024 TPBL 選秀 - #5 順位,,,,,,,,,,,,,
men,曾銘偉,,TPBL,dea,,active,local,2024Rookie,本土,C,202,92,2002/02/19,義守大學,2024 TPBL 選秀 - #11 順位,,,,,,,,,,,,,
men,浩勝,,TPBL,dea,,active,import,,洋將,C,206,100,1998/02/27,-,加盟: 2024/08/01,,,2024-25,,,,,,,,,,
men,李睿麒,,TPBL,dea,https://pleagueofficial.com/player/230,active,local,,本土,F,193,87,1993/01/07,首府大學,加盟: 2024/08/02,steelers,,2024-25,1+1年,1+1,,1+1年合約,https://www.instagram.com/p/C-KMH95zjHa/?utm_source=ig_web_copy_link&igsh=MzRlODBiNWFlZA==,完成簽約,15,4.1,2.9,0.4
men,劉人豪,2,TPBL,dea,https://ctbcdea.com.tw/team/94,active,local,,本土,G,175,70,1995/11/10,健行科大,加盟: 2022-23賽季,,,2022-23,1年,,,1年合約,https://www.instagram.com/p/CjRxEBbPr7f/?utm_source=ig_web_copy_link&igshid=MzRlODBiNWFlZA==,,,,,
men,劉旻諺,4,TPBL,dea,https://ctbcdea.com.tw/team/18,active,local,2021Rookie,本土,F,195,85,1999/12/04,高雄師大,2021 T1 選秀 - R4 指名,,2021Draft,2021-22,21' 新秀合約,,,,,,,,,
men,魏嘉豪,7,TPBL,dea,https://ctbcdea.com.tw/team/12,active,local,2021Rookie,本土,G,182,78,2000/01/13,輔仁大學,2021 T1 選秀 - R2 指名,,extension,2024-25,2年,2,,續約2年,https://www.instagram.com/p/C9ek6ldza-g/?utm_source=ig_web_copy_link,已續約,27,3.5,1.3,1.9
men,克力斯,9,TPBL,dea,https://ctbcdea.com.tw/team/119,active,import,,洋將,C,208,111,1990/12/28,-,加盟: 2022-23賽季,,extension,2024-25,,,,,,,,,,
men,謝亞軒,10,TPBL,dea,https://ctbcdea.com.tw/team/15,active,local,2021Rookie,本土,G,187,81,1998/10/30,健行科大,2021 T1 選秀 - R1 指名,,2021Draft,2021-22,2+1年 (球員選擇權),0,,2+1年合約,https://today.line.me/tw/v2/article/BE8wRe6,,,,,
men,周承睿,11,TPBL,dea,https://ctbcdea.com.tw/team/19,active,local,2021Rookie,本土,F,193,82,2000/02/24,文化大學,2021 T1 選秀 - R5 指名,,2021Draft,2021-22,21' 新秀合約,,,,,,,,,
men,譚傑龍,12,TPBL,dea,https://ctbcdea.com.tw/team/20,active,local,2020Rookie,本土,F,203,105,2000/06/02,NAIA UBC,加盟: 2021-22賽季,,,2021-22,,,,,,,,,,
men,捷翼,13,TPBL,dea,,active,import,,洋將,G,192,99,1997/01/14,-,加盟: 2024/07/25,,,2024-25,,,,,,,,,,
men,陳鈺安,13,TPBL,dea,https://ctbcdea.com.tw/team/120,active,local,2022Rookie,本土,F,192,88,2000/05/26,北市大學,2022 T1 選秀 - R2 指名,,2022Draft,2022-23,22' 新秀合約,,,,,,,,,
men,林韋翰,16,TPBL,dea,https://ctbcdea.com.tw/team/114,active,local,,本土,G,178,71,1990/07/09,輔仁大學,加盟: 2021-22賽季,,,2021-22,3年,0,,3年合約,https://sports.ettoday.net/news/2211173,,,,,
men,黃泓瀚,22,TPBL,dea,https://ctbcdea.com.tw/team/194,active,local,,本土,F,192,92,1994/10/15,健行科大,加盟: 2023-24賽季,,,2023-24,複數年,,,複數年合約,https://www.instagram.com/p/CvZQkvEPe4c/?utm_source=ig_web_copy_link&igshid=MzRlODBiNWFlZA==,,,,,
men,葛瑞飛,25,TPBL,dea,,active,import,,洋將,C,203,107,1998/04/30,-,加盟: 2024/08/06,,,2024-25,,,,,,,,,,
men,施晉堯,28,TPBL,dea,https://pleagueofficial.com/player/65,active,local,,本土,G,188,86,1990/10/28,文化大學,加盟: 2024/07/18,steelers,,2024-25,複數年,,,複數年合約,https://www.instagram.com/p/C9jaEU2TY_a/?utm_source=ig_web_copy_link&igsh=MzRlODBiNWFlZA==,完成簽約,32,7.0,2.7,2.6
men,劉韋辰,30,TPBL,dea,https://ctbcdea.com.tw/team/17,active,local,,本土,F,190,84,1988/11/27,明道大學,加盟: 2021-22賽季,,,2021-22,,,,,,,,,,
men,曾文鼎,76,TPBL,dea,https://ctbcdea.com.tw/team/121,active,local,,本土,C,204,98,1984/07/06,北市大學,加盟: 2022-23賽季,,,2022-23,3年,1,,3年合約,https://www.instagram.com/p/CjH9gCtPX8y/?utm_source=ig_web_copy_link&igshid=MzRlODBiNWFlZA==,,,,,
men,李沛澄,77,TPBL,dea,https://ctbcdea.com.tw/team/195,active,local,2023Rookie,本土,G,181,79,2000/10/25,輔仁大學,2023 T1 選秀 - #6 順位,,2023Draft,2023-24,23' 新秀合約,,,,,,,,,
men,陳孝榕,0,TPBL,leopards,https://t-leopards.com/team/140,active,local,2022Rookie,本土,G,180,70,1999/11/06,臺灣科大,2022 T1 選秀 - R1 指名,,2022Draft,2022-23,22' 新秀合約,,,,,,,,,
men,鄭瑋,1,TPBL,leopards,https://t-leopards.com/team/21,active,local,,本土,G,180,90,1991/01/08,實踐大學,加盟: 2021-22賽季,,,2022-23,2+1年,0+1,,提前換約,https://www.instagram.com/p/ChEkCAiv1kI/?utm_source=ig_web_copy_link&igshid=MzRlODBiNWFlZA==,,,,,
men,高錦瑋,5,TPBL,leopards,https://t-leopards.com/team/198,active,local,2023Rookie,本土,G,177,66,2000/10/23,健行科大,2023 T1 選秀 - #2 順位,,2023Draft,2023-24,23' 新秀合約,,,,,,,,,
men,盧捷閔,7,TPBL,leopards,https://t-leopards.com/team/24,active,local,,本土,G,184,88,1995/10/12,輔仁大學,加盟: 2021-22賽季,,,2022-23,2+1年,0+1,,提前換約,https://www.instagram.com/p/ChEkCAiv1kI/?utm_source=ig_web_copy_link&igshid=MzRlODBiNWFlZA==,,,,,
men,汪哲宇,8,TPBL,leopards,,active,local,2024Rookie,本土,F,190,88,2002/03/18,臺灣科大,2024 TPBL 選秀 - #3 順位,,2024Draft,2024-25,24' 新秀合約,,,,,,,,,
men,丁冠皓,10,TPBL,leopards,https://pleagueofficial.com/player/375,active,local,2023Rookie,本土,F,192,90,2000/10/23,健行科大,交易 from 夢想家: 2024/07/08,dreamers,2023Draft trade,2023-24,23' 新秀合約,,,,,,,,,
men,朱億宗,10,TPBL,leopards,https://t-leopards.com/team/6,active,local,,本土,F,186,85,1986/08/04,醒吾科大,加盟: 2023-24賽季,,,,未知,,,,,,,,,
men,莊博元,11,TPBL,leopards,,active,local,2024Rookie,本土,G,185,85,2000/12/01,輔仁大學,2024 TPBL 選秀 - #9 順位,,2024Draft,2024-25,24' 新秀合約,,,,,,,,,
men,林信寬,12,TPBL,leopards,https://t-leopards.com/team/199,active,local,2023Rookie,本土,F,192,97,2002/05/09,臺灣師大,2023 T1 選秀 - #1 順位,,2023Draft,2023-24,23' 新秀合約,,,,,,,,,
men,楊盛硯,18,TPBL,leopards,https://pleagueofficial.com/player/93,active,local,,本土,G,178,80,1997/01/18,國立體大,交易 from 夢想家: 2024/07/20,dreamers,trade,,2年,,2023-24 延長合約,延長2年,https://www.instagram.com/p/Cvgj0NFPbhs/?utm_source=ig_web_copy_link&igshid=MzRlODBiNWFlZA==,,,,,
men,克羅馬,24,T1,leopards,https://t-leopards.com/team/201,active,import,,洋將,F,198,91,1991/06/24,-,加盟: 2023-24賽季,,extension,2024-25,,,,,,,,,,
men,黃鎮,27,TPBL,leopards,https://t-leopards.com/team/5,active,local,,本土,G,193,86,1990/06/27,輔仁大學,加盟: 2023-24賽季,,,,未知,,,,,,,,,
men,董永全,31,TPBL,leopards,https://sleague.tw/player/oldRoster/7009,active,local,2022Rookie,本土,-,191,-,1999/10/14,臺灣師大,加盟: 2024/07/31,beer,,2024-25,,,,,,,,,,
men,吳沛嘉,32,TPBL,leopards,https://t-leopards.com/team/212,active,local,2023Rookie,本土,C,205,100,1999/09/27,世新大學,加盟: 2023-24賽季,,2023Draft,2023-24,23' 新秀合約,,,,,,,,,
men,王皓吉,33,TPBL,leopards,https://sleague.tw/player/oldRoster/213,active,local,,本土,-,195,-,1989/09/22,醒吾科大,加盟: 2024/07/31,beer,,2024-25,,,,,,,,,,
men,威廉斯,41,T1,leopards,https://t-leopards.com/team/202,active,import,,洋將,F,206,122,1994/05/31,-,加盟: 2023-24賽季,,extension,2024-25,,,,,,,,,,
men,呂濟而,72,TPBL,leopards,https://ghosthawks.tw/team/13,active,local,,本土,G,187,80,1992/01/15,高雄師大,加盟: 2024/07/05,ghosthawks,,2024-25,,,,,,完成簽約,24,3.8,0.9,0.8
men,阿拉薩,77,TPBL,leopards,,active,uba_import,2023Rookie,洋將,C,205,105,2002/01/08,臺灣藝大,加盟: 2023-24賽季,,,2023-24,複數年,,,複數年合約,https://www.instagram.com/p/CvgmLJ7BTw3/?utm_source=ig_web_copy_link&igshid=MzRlODBiNWFlZA==,,,,,
men,劉元凱,82,TPBL,leopards,https://t-leopards.com/team/142,active,local,,本土,C,206,105,1991/07/09,輔仁大學,加盟: 2022-23賽季,,,2022-23,,,,,,,,,,
men,李漢昇,0,TPBL,lioneers,https://ghosthawks.tw/team/51,active,local,2020Rookie,本土,G,177,76,1994/10/24,臺灣師大,加盟: 2024/07/10,ghosthawks,,2024-25,,,,,,完成簽約,27,8.3,1.9,4.0
men,施顏宗,1,TPBL,lioneers,https://pleagueofficial.com/player/214,active,local,,本土,F,192,91,1992/05/29,義守大學,加盟: 2023-24賽季,,,2023-24,,,,,,,,,,
men,姜廣謙,2,TPBL,lioneers,https://pleagueofficial.com/player/300,active,local,2020Rookie,本土,G,184,81,1998/05/07,臺灣藝大,加盟: 2022-23賽季,,,2022-23,,,,,,,,,,
men,王子綱,3,TPBL,lioneers,https://pleagueofficial.com/player/368,active,local,,本土,G,183,73,1993/01/27,高雄師大,加盟: 2023-24賽季,,,2023-24,,,,,,,,,,
men,高國豪,4,TPBL,lioneers,https://pleagueofficial.com/player/84,active,local,2020Rookie,本土,G,180,76,1998/09/22,NCAA D1 SEMO,加盟: 2020-21賽季 (新秀),,,2021-22,5年,2,,提前換約,https://www.instagram.com/p/CUHEEeIhKBU/?utm_source=ig_web_copy_link&igshid=MzRlODBiNWFlZA==,,,,,
men,曾柏喻,7,TPBL,lioneers,https://pleagueofficial.com/player/301,active,local,2021Rookie,本土,G,184,88,1996/12/03,明道大學,2022 PLG 選秀 - #10 順位,,extension,2024-25,3年,3,,續約3年,https://www.instagram.com/p/C9T9tOlSVrQ/?utm_source=ig_web_copy_link&igsh=MzRlODBiNWFlZA==,已續約,39,7.2,2.5,2.8
men,朱雲豪,8,TPBL,lioneers,https://pleagueofficial.com/player/223,active,local,2021Rookie,本土,F,195,94,1997/11/03,健行科大,2021 PLG 選秀 - #1 順位,,2021Draft,2021-22,3+1年 (球隊選擇權),0+1,,合約,https://www.instagram.com/p/CUHEEeIhKBU/?utm_source=ig_web_copy_link&igshid=MzRlODBiNWFlZA==,,,,,
men,田浩,9,TPBL,lioneers,https://pleagueofficial.com/player/82,active,local,2020Rookie,本土,G,174,70,1998/09/16,政治大學,加盟: 2020-21賽季 (新秀),,,2020-21,3+1年 (球隊選擇權),0,,合約,https://www.instagram.com/p/CUHEEeIhKBU/?utm_source=ig_web_copy_link&igshid=MzRlODBiNWFlZA==,,,,,
men,蕭順議,11,TPBL,lioneers,https://pleagueofficial.com/player/80,active,local,,本土,F,193,86,1992/10/23,臺灣藝大,加盟: 2020-21賽季,,,2023-24,2年,1,,續約2年,https://www.instagram.com/p/CuOfW6QLL_A/?utm_source=ig_web_copy_link&igshid=MzRlODBiNWFlZA==,,,,,
men,李家瑞,12,TPBL,lioneers,https://pleagueofficial.com/player/79,active,local,,本土,F,200,97,1994/12/04,HBL 基隆商工,加盟: 2020-21賽季,,,2021-22,4+1年 (球隊選擇權),1+1,,換約,https://www.instagram.com/p/CUHEEeIhKBU/?utm_source=ig_web_copy_link&igshid=MzRlODBiNWFlZA==,,,,,
men,劉光尚,17,TPBL,lioneers,https://pleagueofficial.com/player/370,active,local,2023Rookie,本土,F,192,88,1999/09/30,輔仁大學,加盟: 2023-24賽季 (新秀),,,2023-24,,,,,,,,,,
men,周伯勳,20,TPBL,lioneers,https://pleagueofficial.com/player/371,active,local,,本土,F,197,94,1991/03/06,明道大學,加盟: 2023-24賽季,,,2023-24,,,,,,,,,,
men,呂奇旻,23,TPBL,lioneers,https://pleagueofficial.com/player/303,active,local,,本土,G,188,90,1989/10/27,臺灣體大,加盟: 2022-23賽季,,,2022-23,,,,,,,,,,
men,蔡宸綱,35,TPBL,lioneers,,active,local,2024Rookie,本土,F,196,96,2002/11/08,健行科大,2024 TPBL 選秀 - #2 順位,,2024Draft,2024-25,24' 新秀合約,,,,,,,,,
men,盧冠軒,42,TPBL,lioneers,https://pleagueofficial.com/player/399,active,local,,本土,G,184,88,1995/04/02,臺灣師大,加盟: 2023-24賽季,,,2023-24,,,,,,,,,,
men,李啓瑋,75,TPBL,lioneers,https://t-leopards.com/team/4,active,local,,本土,G,192,87,1993/04/08,明道大學,加盟: 2024/07/03,leopards,,2024-25,,,,,,完成簽約,16,7.8,2.5,1.3
men,陳振傑,0,TPBL,dreamers,https://pleagueofficial.com/player/148,active,local,2020Rookie,本土,G,185,85,1997/09/16,NAIA Grand View,加盟: 2020-21賽季 (新秀),,extension,2024-25,3年,3,,續約3年,https://www.instagram.com/p/C8_JBMxPx3e/?utm_source=ig_web_copy_link&igsh=MzRlODBiNWFlZA==,已續約,32,7.4,2.6,0.9
men,馬建豪,2,TPBL,dreamers,https://www.cbaleague.com/data/#/playerMain?playerId=100012981,active,local,2022Rookie,本土,F,202,82,2001/04/29,NCAA D1 Georgia St.,加盟: 2024/08/09,CBA 江蘇,,2024-25,,,,,,完成簽約,50,9.3,2.6,1.1
men,張宗憲,3,TPBL,dreamers,https://pleagueofficial.com/player/43,active,local,,本土,G,193,88,1988/12/27,NCAA D2 BYU-Hawaii,加盟: 2024/07/12,braves,,2024-25,,,,,,完成簽約,16,3.6,1.3,1.8
men,吳家駿,3,TPBL,dreamers,https://pleagueofficial.com/player/215,active,local,,本土,G,174,68,1994/03/03,國立體大,交易 from 領航猿: 2022/07/14,,extension,2024-25,3年,3,,續約3年,https://www.instagram.com/p/C8_JBMxPx3e/?utm_source=ig_web_copy_link&igsh=MzRlODBiNWFlZA==,已續約,29,3.1,1.7,2.0
men,王振原,8,TPBL,dreamers,https://sleague.tw/player/oldRoster/7019,active,local,2021Rookie,本土,G,175,75,1998/09/02,政治大學,2021 PLG 選秀 - #14 順位,bll,,2022-23,,,,,,,,,,
men,林俊吉,11,TPBL,dreamers,https://pleagueofficial.com/player/90,active,local,2020Rookie,本土,G,173,70,1998/01/29,健行科大,加盟: 2020-21賽季 (新秀),,,,未知,3,延長至2026-27賽季,延長,https://www.instagram.com/p/Cvgj0NFPbhs/?utm_source=ig_web_copy_link&igshid=MzRlODBiNWFlZA==,,,,,
men,蔣淯安,14,TPBL,dreamers,https://t-leopards.com/team/1,active,local,,本土,G,174,66,1991/08/04,臺灣體大,加盟: 2024/07/02,leopards,,2024-25,5年,5,,5年合約,https://www.instagram.com/p/C85_dczhyIm/?utm_source=ig_web_copy_link&igsh=MzRlODBiNWFlZA==,完成簽約,20,15.6,3.9,5.2
men,簡偉儒,20,TPBL,dreamers,https://ghosthawks.tw/team/154,active,local,,本土,G,186,85,1992/01/20,臺灣師大,加盟: 2024/07/17,ghosthawks,,2024-25,,,,,,完成簽約,23,4.5,1.6,1.0
men,簡浩,21,TPBL,dreamers,https://pleagueofficial.com/player/222,active,local,,本土,F,200,90,1985/03/07,NAIA Madonna,加盟: 2021-22賽季,,,,2年,,2023-24 延長合約,延長2年,https://www.instagram.com/p/Cvgj0NFPbhs/?utm_source=ig_web_copy_link&igshid=MzRlODBiNWFlZA==,,,,,
men,忻沃克,24,TPBL,dreamers,https://pleagueofficial.com/player/155,active,taiwanese,2020Rookie,華裔,F,196,93,1998/09/21,NCAA D3 TCNJ,加盟: 2020-21賽季 (新秀),,,2023-24,2年,1,,續約2年,https://www.instagram.com/p/CvEQB75vjOk/?utm_source=ig_web_copy_link&igshid=MzRlODBiNWFlZA==,,,,,
men,李德威,26,TPBL,dreamers,https://pleagueofficial.com/player/94,active,local,,本土,C,200,110,1991/10/15,HBL 能仁家商,加盟: 2020-21賽季,,extension,2024-25,3年,3,,續約3年,https://www.instagram.com/p/C8_JBMxPx3e/?utm_source=ig_web_copy_link&igsh=MzRlODBiNWFlZA==,已續約,15,1.4,1.2,0.1
men,史承平,27,TPBL,dreamers,,active,local,2024Rookie,本土,F,190,80,1999/10/01,義守大學,2024 TPBL 選秀 - #8 順位,,2024Draft,2024-25,24' 新秀合約,,,,,,,,,
men,盧冠良,28,TPBL,dreamers,https://pleagueofficial.com/player/278,active,local,,本土,G,185,85,1991/04/09,臺灣藝大,加盟: 2022-23賽季,,extension,2024-25,3年,3,,續約3年,https://www.instagram.com/p/C8_JBMxPx3e/?utm_source=ig_web_copy_link&igsh=MzRlODBiNWFlZA==,已續約,35,6.5,2.6,1.8
men,高柏鎧,34,TPBL,dreamers,https://pleagueofficial.com/player/212,active,naturalized,,洋將,C,213,110,1996/12/09,-,加盟: 2021-22賽季,,extension,2024-25,,,,,,,,,,
men,周柏臣,88,TPBL,dreamers,https://pleagueofficial.com/player/279,active,local,,本土,C,198,98,1990/08/08,臺灣師大,加盟: 2022-23賽季,,,2022-23,,,,,,,,,,
men,魏莨哲,0,TPBL,aquas,,active,local,2024Rookie,本土,G,185,72,2001/11/28,高雄師大,2024 TPBL 選秀 - #4 順位,,2024Draft,2024-25,24' 新秀合約,,,,,,,,,
men,布銳克曼,5,TPBL,aquas,https://ktown-aquas.com/team/82,active,import,,洋將,G,179,79,1991/11/19,-,加盟: 2021-22賽季,,,2023-24,,,,,,,,,,
men,于煥亞,7,TPBL,aquas,https://ktown-aquas.com/team/53,active,local,,本土,G,182,80,1993/11/30,臺灣師大,加盟: 2021-22賽季,,,2022-23,,,,,,,,,,
men,邱子軒,8,TPBL,aquas,https://ktown-aquas.com/team/137,active,local,2022Rookie,本土,G,190,90,1999/12/08,義守大學,2022 T1 選秀 - R1 指名,,2022Draft,2022-23,22' 新秀合約,,,,,,,,,
men,胡瓏貿,10,TPBL,aquas,https://ktown-aquas.com/team/60,active,local,,本土,F,195,97,1992/12/22,NCAA D2 Chaminade,加盟: 2021-22賽季,,extension,2024-25,3年,3,,續約3年,https://www.instagram.com/p/C8YySmsP802/?utm_source=ig_web_copy_link,已續約,25,15.3,5.9,2.6
men,唐維傑,11,TPBL,aquas,https://ktown-aquas.com/team/206,active,local,2023Rookie,本土,F,192,89,1999/09/25,NCAA D1 VMI,2023 T1 選秀 - #5 順位,,2023Draft,2023-24,23' 新秀合約,,,,,,,,,
men,林任鴻,12,TPBL,aquas,https://ktown-aquas.com/team/55,active,local,,本土,F,194,88,1993/12/18,臺灣師大,加盟: 2021-22賽季,,,2022-23,,,,,,,,,,
men,比斯赫,14,TPBL,aquas,,active,import,,洋將,C,208,-,1997/07/28,-,加盟: 2024/08/02,,,2024-25,,,,,,,,,,
men,吳怡斌,18,TPBL,aquas,https://ktown-aquas.com/team/58,active,local,,本土,F,200,90,1992/08/29,義守大學,加盟: 2021-22賽季,,,2023-24,,,,,,,,,,
men,呂威霆,21,TPBL,aquas,https://ktown-aquas.com/team/61,active,local,2021Rookie,本土,C,200,100,1997/04/16,義守大學,加盟: 2021-22賽季 (新秀),,extension,2024-25,,,,,,已續約,27,3.2,2.3,0.6
men,摩爾斯,22,TPBL,aquas,,active,import,,洋將,F,206,-,1994/04/13,-,加盟: 2024/07/26,,,2024-25,,,,,,,,,,
men,蘇文儒,24,TPBL,aquas,https://ktown-aquas.com/team/52,active,local,2021Rookie,本土,G,187,80,1997/10/16,義守大學,2021 T1 選秀 - R2 指名,,extension,2024-25,,,,,,已續約,27,1.8,1.4,0.5
men,余純安,28,TPBL,aquas,https://ktown-aquas.com/team/56,active,local,,本土,G,189,83,1992/02/13,臺灣師大,加盟: 2021-22賽季,,,2021-22,4年,1,,4年合約,https://www.instagram.com/p/CQvDXhal1se/?utm_source=ig_web_copy_link&igshid=MzRlODBiNWFlZA==,,,,,
men,威勝,34,TPBL,aquas,,active,import,,洋將,C,208,-,1999/07/27,-,加盟: 2024/07/29,,,2024-25,,,,,,,,,,
men,吳曉謹,57,TPBL,aquas,https://ktown-aquas.com/team/57,active,local,,本土,F,190,83,1995/08/28,高雄師大,加盟: 2021-22賽季,,,2023-24,,,,,,,,,,
men,陳懷安,66,TPBL,aquas,https://ktown-aquas.com/team/54,active,local,,本土,G,186,90,1997/04/29,臺灣藝大,加盟: 2021-22賽季,,,2021-22,,,,,,,,,,
men,勤明慶,85,TPBL,aquas,https://ktown-aquas.com/team/59,active,local,,本土,C,195,110,1994/11/14,臺灣師大,加盟: 2021-22賽季,,,2023-24,,,,,,,,,,
men,王新瑋,1,SBL,beer,https://sleague.tw/player/oldRoster/5905,active,local,2021Rookie,本土,-,186,-,1997/05/08,萬能科大,加盟: 2021-22賽季 (新秀),,,2021-22,,,,,,,,,,
men,呂宗霖,5,SBL,beer,https://sleague.tw/player/oldRoster/308,active,local,,本土,-,175,-,1994/11/17,臺灣科大,加盟: 2023-24賽季,,,2023-24,,,,,,,,,,
men,林柏豪,6,SBL,beer,https://sleague.tw/player/oldRoster/634,active,local,2020Rookie,本土,-,192,-,1997/01/08,康寧大學,加盟: 2023-24賽季,,,2023-24,,,,,,,,,,
men,黃泓諭,7,SBL,beer,https://sleague.tw/player/oldRoster/5939,active,local,2022Rookie,本土,-,185,-,1999/09/10,臺灣師大,2022 SBL 選秀 - #10 順位,,2022Draft,2022-23,22' 新秀合約,,,,,,,,,
men,簡肇熠,8,SBL,beer,https://sleague.tw/player/oldRoster/268,active,local,,本土,-,180,-,1993/07/12,文化大學,加盟: 2022-23賽季,,,2021-22,,,,,,,,,,
men,蔣浩文,9,SBL,beer,https://sleague.tw/player/oldRoster/7007,active,local,2023Rookie,本土,-,186,-,2001/07/14,臺灣師大,2022 SBL 選秀 - #2 順位,,2023Draft,2023-24,23' 新秀合約,,,,,,,,,
men,曾品富,10,SBL,beer,https://sleague.tw/player/oldRoster/7008,active,local,2021Rookie,本土,-,195,-,1996/03/01,健行科大,加盟: 2023-24賽季,,,2023-24,,,,,,,,,,
men,陳建銘,16,SBL,beer,https://sleague.tw/player/oldRoster/7010,active,local,2022Rookie,本土,-,176,-,1997/09/11,世新大學,加盟: 2023-24賽季,,2022Draft,2022-23,22' 新秀合約,,,,,,,,,
men,賴俊廷,17,SBL,beer,https://sleague.tw/player/oldRoster/5940,active,local,2022Rookie,本土,-,186,-,2000/07/07,Spire Academy,2022 SBL 選秀 - #7 順位,,2022Draft,2022-23,22' 新秀合約,,,,,,,,,
men,蓋比,18,SBL,beer,https://sleague.tw/player/oldRoster/5941,active,uba_import,2022Rookie,外籍生,-,195,-,1997/12/15,萬能科大,2022 SBL 選秀 - #3 順位,,2022Draft,2022-23,22' 新秀合約,,,,,,,,,
men,范士恩,42,SBL,beer,https://sleague.tw/player/oldRoster/285,active,local,,本土,-,198,-,1994/06/01,臺灣科大,加盟: 2023-24賽季,,,2021-22,,,,,,,,,,
men,呂蔡瑜倫,70,SBL,beer,https://sleague.tw/player/oldRoster/7011,active,local,2022Rookie,本土,-,191,-,1998/11/08,日本 仙台大學,加盟: 2023-24賽季,,,,,,,,,-,3,0.0,1.3,0.3
men,陳兆豪,89,SBL,beer,https://sleague.tw/player.html?sn=241,active,local,,本土,-,199,-,1992/06/12,高雄師大,交易 from 台灣大: 2014/09/12,,,,未知,,,,,,,,,
men,簡家暐,0,SBL,bank,https://sleague.tw/player/oldRoster/631,active,local,2020Rookie,本土,-,188,-,1998/07/29,臺灣師大,2020 SBL 選秀 - #7 順位,,,2022-23,2年,0,,續約2年,https://sports.ettoday.net/news/2271816,,,,,
men,郭振復,2,SBL,bank,https://sleague.tw/player/oldRoster/7003,active,local,2023Rookie,本土,F,192,-,2001/02/22,高雄師大,2023 SBL 選秀 - #3 順位,,2023Draft,2023-24,23' 新秀合約,,,,,,,,,
men,陳侑昫,3,SBL,bank,https://sleague.tw/player/oldRoster/219,active,local,,本土,-,195,-,1990/10/01,義守大學,2014 SBL 選秀 - #8 順位,,,2022-23,1年,,,續約1年,https://sports.ettoday.net/news/2272567,,,,,
men,聶歐瑪,5,SBL,bank,https://sleague.tw/player/oldRoster/7004,active,uba_import,2021Rookie,外籍生,C,205,-,1998/05/15,政治大學,加盟: 2023-24賽季,,,2023-24,,,,,,,,,,
men,王偉丞,7,SBL,bank,https://sleague.tw/player/oldRoster/5901,active,local,2021Rookie,本土,G,180,-,1999/08/07,高雄師大,2021 SBL 選秀 - #2 順位,,2021Draft,2021-22,21' 新秀合約,,,,,,,,,
men,林哲霆,8,SBL,bank,https://sleague.tw/player/oldRoster/5936,active,local,2022Rookie,本土,G,183,-,1999/09/08,輔仁大學,加盟: 2022-23賽季 (新秀),,,2022-23,3年,1,,3年合約,https://tw.sports.yahoo.com/news/%E8%88%87%E5%8F%B0%E9%8A%80%E7%B0%BD%E4%B8%8B3%E5%B9%B4%E5%90%88%E7%B4%84-%E6%9E%97%E5%93%B2%E9%9C%86%E7%9B%BC%E6%89%93%E5%87%BA%E8%BA%AB%E5%83%B9-143935404.html,,,,,
men,林柏偉,9,SBL,bank,https://sleague.tw/player/oldRoster/279,active,local,,本土,-,187,-,1993/11/18,世新大學,加盟: 2019-20賽季,,,2021-22,,,,,,,,,,
men,周日騰,10,SBL,bank,https://sleague.tw/player/oldRoster/5935,active,local,2022Rookie,本土,F,193,-,2000/02/08,臺灣藝大,2022 SBL 選秀 - #8 順位,,2022Draft,2022-23,22' 新秀合約,,,,,,,,,
men,潘祥偉,11,SBL,bank,https://sleague.tw/player/oldRoster/313,active,local,,本土,-,190,-,1994/10/26,義守大學,加盟: 2020-21賽季,,,2022-23,2年,0,,續約2年,https://sports.ettoday.net/news/2272567,,,,,
men,張家禾,12,SBL,bank,https://sleague.tw/player/oldRoster/419,active,local,,本土,-,188,-,1996/12/15,臺灣藝大,2019 SBL 選秀 - #1 順位,,,2022-23,1年,,,續約1年,https://sports.ettoday.net/news/2272567,,,,,
men,王泰傑,13,SBL,bank,https://sleague.tw/player/oldRoster/265,active,local,,本土,-,188,-,1992/11/17,臺灣師大,加盟: 2019-20賽季,,,2022-23,2年,0,,續約2年,https://sports.ettoday.net/news/2271816,,,,,
men,郭翰,14,SBL,bank,https://sleague.tw/player/oldRoster/5928,active,local,2022Rookie,本土,C,195,116,1998/08/28,國立體大,加盟: 2024/08/01,bll,,2024-25,,,,,,完成簽約,22,4.0,3.5,0.7
men,桑一慶,17,SBL,bank,https://sleague.tw/player/oldRoster/7029,active,local,,本土,-,193,-,1990/12/01,臺灣師大,復出: 2023-24賽季,,,,未知,,,,,,,,,
men,林均濠,22,SBL,bank,https://sleague.tw/player/oldRoster/7005,active,local,2021Rookie,本土,F,193,-,1998/01/19,臺灣藝大,加盟: 2023-24賽季,,,2023-24,,,,,,,,,,
men,高健益,24,SBL,bank,https://sleague.tw/player/oldRoster/192,active,local,,本土,-,185,-,1990/06/10,義守大學,加盟: 2018-19賽季,,,2022-23,2年,0,,續約2年,https://sports.ettoday.net/news/2271816,,,,,
men,曹立中,27,SBL,bank,https://sleague.tw/player/oldRoster/5902,active,local,2021Rookie,本土,-,190,-,1999/08/28,高雄師大,2021 SBL 選秀 - #6 順位,,2021Draft,2021-22,21' 新秀合約,,,,,,,,,
men,王詠誠,29,SBL,bank,https://ktown-aquas.com/team/135,active,local,2021Rookie,本土,F,196,92,1998/12/29,政治大學,加盟: 2024/08/01,aquas,,2024-25,,,,,,完成簽約,2,0.0,0.0,0.0
men,李維哲,58,SBL,bank,https://sleague.tw/player/oldRoster/191,active,local,,本土,-,179,-,1991/05/08,文化大學,加盟: 2013-14賽季 (新秀),,,,未知,,,,,,,,,
men,林仕軒,2,SBL,yulon,https://sleague.tw/player/oldRoster/6987,active,local,2021Rookie,本土,-,178,-,1998/12/28,臺灣師大,加盟: 2023-24賽季,,,2023-24,,,,,,,,,,
men,王翊帆,6,SBL,yulon,https://sleague.tw/player/oldRoster/6989,active,local,2023Rookie,本土,-,173,-,2000/11/19,輔仁大學,2023 SBL 選秀 - #4 順位,,2023Draft,2023-24,23' 新秀合約,,,,,,,,,
men,涂亦含,7,SBL,yulon,https://sleague.tw/player/oldRoster/6990,active,local,2023Rookie,本土,-,189,-,2000/12/28,政治大學,2023 SBL 選秀 - #7 順位,,2023Draft,2023-24,23' 新秀合約,,,,,,,,,
men,東方譯慷,8,SBL,yulon,https://sleague.tw/player/oldRoster/6991,active,local,2021Rookie,本土,-,182,-,1997/10/12,Bishop Mora Salesian,加盟: 2023-24賽季,,,2023-24,,,,,,,,,,
men,吳彥侖,9,SBL,yulon,https://sleague.tw/player/oldRoster/7020,active,local,,本土,-,182,-,1997/06/18,義守大學,租借 from 獵鷹: 2024/01/04,,,,租借,,與T1獵鷹租借球員,租借,https://tw.sports.yahoo.com/news/sbl%E8%A3%95%E9%9A%86%E7%B0%BD%E8%B3%AD%E6%A1%88%E6%88%B0%E5%8A%9B%E5%A4%A7%E5%82%B7-t1%E7%8D%B5%E9%B7%B9%E6%9A%96%E5%BF%83%E4%BA%A4%E6%B5%81%E9%80%81%E5%87%BA4%E5%90%8D%E7%90%83%E5%93%A1-073018186.html,,,,,
men,楊承翰,11,SBL,yulon,https://sleague.tw/player/oldRoster/6992,active,local,2021Rookie,本土,-,186,-,1999/10/10,輔仁大學,加盟: 2023-24賽季,,,2023-24,,,,,,,,,,
men,鄭德維,12,SBL,yulon,https://sleague.tw/player/oldRoster/5466,active,local,2021Rookie,本土,-,193,-,1995/10/08,世新大學,加盟: 2023-24賽季,,,2023-24,,,,,,,,,,
men,周士淵,15,SBL,yulon,https://sleague.tw/player/oldRoster/93,active,local,,本土,-,190,-,1983/11/16,北市大學,加盟: 2022-23賽季,,,2022-23,,,,,,,,,,
men,林義恩,17,SBL,yulon,https://sleague.tw/player/oldRoster/646,active,local,2020Rookie,本土,-,185,-,1996/06/08,文化大學,加盟: 2022-23賽季,,,2022-23,,,,,,,,,,
men,高承恩,22,SBL,yulon,https://sleague.tw/player/oldRoster/7021,active,local,2022Rookie,本土,-,175,-,1999/12/23,健行科大,租借 from 獵鷹: 2024/01/04,,,,租借,,與T1獵鷹租借球員,租借,https://tw.sports.yahoo.com/news/sbl%E8%A3%95%E9%9A%86%E7%B0%BD%E8%B3%AD%E6%A1%88%E6%88%B0%E5%8A%9B%E5%A4%A7%E5%82%B7-t1%E7%8D%B5%E9%B7%B9%E6%9A%96%E5%BF%83%E4%BA%A4%E6%B5%81%E9%80%81%E5%87%BA4%E5%90%8D%E7%90%83%E5%93%A1-073018186.html,,,,,
men,伊波卡,24,SBL,yulon,https://sleague.tw/player/oldRoster/7026,active,uba_import,2022Rookie,外籍生,-,195,-,2000/06/29,世新大學,加盟: 2023-24賽季,,,2023-24,,,,,,,,,,
men,黃宗翰,31,SBL,yulon,https://sleague.tw/player/oldRoster/5934,active,local,2021Rookie,本土,-,195,-,1996/10/10,臺灣師大,加盟: 2022-23賽季,,,2022-23,,,,,,,,,,
men,林明毅,76,SBL,yulon,https://sleague.tw/player/oldRoster/5618,active,local,,本土,-,175,-,1996/03/27,明道大學,加盟: 2023-24賽季,,,2023-24,,,,,,,,,,
men,郭昭男,93,SBL,yulon,https://sleague.tw/player/oldRoster/272,active,local,,本土,-,192,-,1992/11/06,高雄師大,加盟: 2019-20賽季,,,,未知,,,,,,,,,
men,陳昭群,5,SBL,bll,https://sleague.tw/player/oldRoster/6995,active,local,2023Rookie,本土,F,193,-,2000/11/10,臺灣科大,2023 SBL 選秀 - #10 順位,,2023Draft,2023-24,23' 新秀合約,,,,,,,,,
men,廖景泰,6,SBL,bll,https://sleague.tw/player/oldRoster/6996,active,local,2023Rookie,本土,C,198,-,1999/11/12,高雄師大,2023 SBL 選秀 - #9 順位,,2023Draft,2023-24,23' 新秀合約,,,,,,,,,
men,江尚謙,7,SBL,bll,https://sleague.tw/player/oldRoster/5930,active,local,2022Rookie,本土,G,181,-,1999/10/23,亞洲大學,2022 SBL 選秀 - #1 順位,,2022Draft,2022-23,22' 新秀合約,,,,,,,,,
men,林梓峰,11,SBL,bll,https://sleague.tw/player/oldRoster/6997,active,local,2021Rookie,本土,G,185,-,1998/10/30,健行科大,加盟: 2023-24賽季,,,2023-24,,,,,,,,,,
men,謝承諳,12,SBL,bll,https://sleague.tw/player/oldRoster/6998,active,local,2023Rookie,本土,F,191,-,2000/11/24,國立體大,2023 SBL 選秀 - #5 順位,,2023Draft,2023-24,23' 新秀合約,,,,,,,,,
men,黃建智,13,SBL,bll,https://sleague.tw/player/oldRoster/624,active,local,2022Rookie,本土,F,193,-,1998/09/08,臺灣師大,2022 SBL 選秀 - #11 順位,,2022Draft,2022-23,22' 新秀合約,,,,,,,,,
men,楊天佑,19,SBL,bll,https://sleague.tw/player/oldRoster/334,active,local,,本土,G,170,-,1993/09/24,康寧大學,加盟: 2024/08/01,beer,,2024-25,,,,,,完成簽約,28,10.0,1.6,3.5
men,蘇格爾,22,SBL,bll,https://sleague.tw/player/oldRoster/6999,active,uba_import,2023Rookie,外籍生,C,200,-,1999/07/02,中信學院,2023 SBL 選秀 - #1 順位,,2023Draft,2023-24,23' 新秀合約,,,,,,,,,
men,蔡紘揚,24,SBL,bll,https://sleague.tw/player/oldRoster/7000,active,local,2023Rookie,本土,G,181,-,2000/09/13,輔仁大學,2023 SBL 選秀 - #8 順位,,2023Draft,2023-24,23' 新秀合約,,,,,,,,,
men,徐仕宏,77,SBL,bll,https://sleague.tw/player/oldRoster/7002,active,local,2023Rookie,本土,F,188,-,1998/03/23,HBL 來義高中,2023 SBL 選秀 - #11 順位,,2023Draft,2023-24,23' 新秀合約,,,,,,,,,
men,張文平,10,PLG,fa,https://pleagueofficial.com/player/239,active,taiwanese,,華裔,F,195,85,1993/07/14,NCCAA Emmanuel,交易 from 國王: 2022/08/08,braves,,,,,,,,-,20,2.7,0.7,0.8
men,陳昱翰,8,PLG,fa,https://pleagueofficial.com/player/409,active,local,,本土,G,187,85,1993/12/14,義守大學,加盟: 2023-24賽季,pilots,,,,,,,,約滿合意不續約,3,1.3,0.3,0.3
men,李學林,9,PLG,fa,https://pleagueofficial.com/player/406,active,local,,本土,G,176,75,1984/01/31,北市大學,加盟: 2023-24賽季,pilots,,,,,,,,-,15,0.9,1.0,0.7
men,張鎮衙,27,PLG,fa,https://pleagueofficial.com/player/297,active,local,2022Rookie,本土,F,195,90,1999/10/13,政治大學,2022 PLG 選秀 - #1 順位,pilots,,,,,,,,約滿合意不續約,36,5.1,1.6,0.9
men,盧哲毅,15,PLG,fa,https://pleagueofficial.com/player/83,active,local,2020Rookie,本土,G,187,82,1993/07/15,義守大學,加盟: 2021-22賽季,steelers,,,,,,,,-,26,1.2,1.0,0.4
men,張伯維,77,PLG,fa,https://pleagueofficial.com/player/45,active,local,,本土,F,190,92,1990/07/22,臺灣藝大,加盟: 2021-22賽季,steelers,,,,,,,,-,39,9.1,2.0,1.0
men,林勵,5,TPBL,fa,https://taipeimars.com.tw/team/186,active,local,2023Rookie,本土,G,183,81,2001/06/20,政治大學,加盟: 2023-24賽季 (新秀),mars,,,,,,,,-,3,0.7,1.0,1.3
men,許敬恩,24,TPBL,fa,https://taipeimars.com.tw/team/189,active,local,2023Rookie,本土,G,190,90,2001/07/11,臺灣師大,加盟: 2023-24賽季 (新秀),mars,,,,,,,,-,3,0.0,0.0,0.3
men,楊敬敏,6,TPBL,fa,https://pleagueofficial.com/player/87,active,local,,本土,F,190,92,1984/01/22,北市大學,加盟: 2021-22賽季,kings,,,,,,,,-,23,13.1,4.7,3.0
men,翟振皓,49,TPBL,fa,https://pleagueofficial.com/player/381,active,local,,本土,F,194,95,1993/07/25,康寧大學,加盟: 2023-24賽季,kings,,,,,,,,-,5,0.8,1.6,0.0
men,張傑瑋,0,TPBL,fa,https://pleagueofficial.com/player/282,active,uba_import,2022Rookie,外籍生,G,184,87,1997/09/06,萬能科大,加盟: 2023-24賽季,lioneers,,,,,,,,不執行球隊選擇權,23,4.7,2.5,1.8
men,林耀宗,7,TPBL,fa,https://pleagueofficial.com/player/59,active,local,,本土,C,194,100,1990/09/07,明道大學,交易 from 領航猿: 2022/07/14,dreamers,,,,,,,,-,8,0.0,0.5,0.0
men,吳松蔚,30,TPBL,fa,https://pleagueofficial.com/player/95,active,local,,本土,G,185,85,1993/05/21,義守大學,加盟: 2017-18賽季 (新秀),dreamers,,,,,,,,球隊不續約,12,0.5,0.1,0.0
men,蔡嘉駿,14,SBL,fa,https://sleague.tw/player/oldRoster/5903,active,local,2021Rookie,本土,-,190,-,1997/12/11,北市大學,加盟: 2021-22賽季 (新秀),bank,,,,,,,,-,7,1.4,0.7,0.1
men,陳俊翰,21,SBL,fa,https://sleague.tw/player/oldRoster/635,active,local,2020Rookie,本土,-,196,-,1996/03/20,康寧大學,加盟: 2022-23賽季,bank,,,,,,,,-,2,4.0,0.5,0.5
men,蔡亞軒,59,SBL,fa,https://sleague.tw/player/oldRoster/7006,active,local,2023Rookie,本土,-,185,-,1999/10/09,虎尾科大,加盟: 2023-24賽季 (新秀),bank,,,,,,,,-,1,0.0,2.0,0.0
men,陳奕綸,3,SBL,fa,https://sleague.tw/player/oldRoster/5883,active,local,2021Rookie,本土,-,172,-,1998/09/09,國立體大,加盟: 2022-23賽季,bll,,,,,,,,-,22,2.6,1.4,2.0
men,蔣浩偉,10,SBL,fa,https://sleague.tw/player/oldRoster/5927,active,local,2022Rookie,本土,-,176,-,1998/10/28,醒吾科大,2022 SBL 選秀 - #5 順位,bll,,,,,,,,-,19,4.5,0.8,0.5
men,楊浩之,2,SBL,fa,https://sleague.tw/player/oldRoster/6993,active,taiwanese,2021Rookie,華裔,-,187,-,1995/10/20,-,加盟: 2023-24賽季,bll,,,,,,,,-,7,1.3,0.7,0.0
men,陳昶宏,4,SBL,fa,https://sleague.tw/player/oldRoster/6994,active,local,2023Rookie,本土,-,186,-,2001/05/24,陽明交通,加盟: 2023-24賽季 (新秀),bll,,,,,,,,-,5,0.4,0.8,0.2
,彭柏樺,,,,,,local,2024Rookie,本土,G,175,70,2001/05/25,臺灣師大,,,,,,,,,,,,,,
,王家昌,,,,,,local,2024Rookie,本土,F,191,91,2001/11/06,臺灣師大,,,,,,,,,,,,,,
men,辛特力,17,PLG,braves,https://pleagueofficial.com/player/51,,import,,洋將,F,198,103,1988/09/19,-,加盟: 2020-21賽季,,,,,,,,,,,,,
men,塞瑟夫,32,PLG,braves,https://pleagueofficial.com/player/54,,import,,洋將,C,211,99,1989/05/11,-,加盟: 2020-21賽季,,,,,,,,,,,,,
men,麥卡洛,5,PLG,dreamers,https://pleagueofficial.com/player/253,,import,,洋將,F,206,91,1995/02/05,-,加盟: 2022-23賽季,,,2022-23,,,,,,,,,,
men,鐵米,0,PLG,steelers,https://pleagueofficial.com/player/280,,import,,洋將,F,206,114,1996/03/05,-,加盟: 2022-23賽季,,,,,,,,,,,,,
men,艾德,1,T1,dea,https://ctbcdea.com.tw/team/118,,import,,洋將,C,207,97,1989/06/04,-,加盟: 2022-23賽季,,,,,,,,,,,,,
men,泰勒,30,PLG,braves,https://pleagueofficial.com/player/415,,import,,洋將,F,201,98,1998/02/10,-,加盟: 2023-24賽季,,,,,,,,,,,,,
men,伊貝,44,PLG,braves,https://pleagueofficial.com/player/414,,import,,洋將,C,208,114,1994/06/03,-,加盟: 2023-24賽季,,,,,,,,,,,,,
men,海登,0,PLG,kings,https://pleagueofficial.com/player/379,,import,2023Rookie,亞外,G,198,96,2000/07/04,-,加盟: 2023-24賽季 (新秀),,,,,,,,,,,,,
men,米歇爾,14,PLG,kings,https://pleagueofficial.com/player/382,,import,,洋將,C,203,107,1992/04/07,-,加盟: 2023-24賽季,,,,,,,,,,,,,
men,安尼奎,33,PLG,kings,https://pleagueofficial.com/player/398,,import,2023Rookie,洋將,F,206,100,2000/09/11,-,加盟: 2023-24賽季 (新秀),,,,,,,,,,,,,
men,路易士,35,PLG,kings,https://pleagueofficial.com/player/359,,import,,洋將,F,208,118,1989/09/21,-,加盟: 2023-24賽季,,,,,,,,,,,,,
men,密克斯,5,PLG,pilots,https://pleagueofficial.com/player/364,,import,,洋將,F,208,120,1995/02/05,-,加盟: 2023-24賽季,,,,,,,,,,,,,
men,克拉,6,PLG,lioneers,https://pleagueofficial.com/player/369,,import,,洋將,F,209,106,1988/01/17,-,加盟: 2023-24賽季,,,,,,,,,,,,,
men,狄帝,21,PLG,lioneers,https://pleagueofficial.com/player/403,,import,,洋將,C,211,108,1996/12/02,-,加盟: 2023-24賽季,,,,,,,,,,,,,
men,艾夫伯,24,PLG,lioneers,https://pleagueofficial.com/player/405,,import,,洋將,G,198,88,1984/08/22,-,加盟: 2023-24賽季,,,,,,,,,,,,,
men,霍立飛,55,PLG,lioneers,https://pleagueofficial.com/player/407,,import,,洋將,C,208,118,1992/11/18,-,加盟: 2023-24賽季,,,,,,,,,,,,,
men,德文馬布爾,4,PLG,dreamers,https://pleagueofficial.com/player/401,,import,,洋將,F,198,88,1992/09/21,-,加盟: 2023-24賽季,,,,,,,,,,,,,
men,布依德,42,PLG,dreamers,https://pleagueofficial.com/player/213,,import,,洋將,F,203,104,1990/02/02,-,加盟: 2023-24賽季,,,,,,,,,,,,,
men,卡麥龍,21,PLG,steelers,https://pleagueofficial.com/player/413,,import,,洋將,F,201,95,1991/09/16,-,加盟: 2023-24賽季,,,,,,,,,,,,,
men,銳米,23,PLG,steelers,https://pleagueofficial.com/player/408,,import,,洋將,G,193,107,1992/07/14,-,加盟: 2023-24賽季,,,,,,,,,,,,,
men,塔壁,34,PLG,steelers,https://pleagueofficial.com/player/153,,import,,洋將,C,221,118,1987/02/16,-,加盟: 2023-24賽季,,,,,,,,,,,,,
men,傑卡,27,T1,dea,https://ctbcdea.com.tw/team/197,,import,,洋將,C,210,109,1987/05/27,-,加盟: 2023-24賽季,,,,,,,,,,,,,
men,柯丹,93,T1,dea,https://ctbcdea.com.tw/team/220,,import,,洋將,F,195,88,1993/12/02,-,加盟: 2023-24賽季,,,,,,,,,,,,,
men,強森,10,T1,mars,https://taipeimars.com.tw/team/192,,import,,洋將,C,206,104,1996/08/07,-,加盟: 2023-24賽季,,,,,,,,,,,,,
men,赫里斯-傑佛森,15,T1,mars,https://taipeimars.com.tw/team/218,,import,,洋將,F,198,98,1991/06/26,-,加盟: 2023-24賽季,,,,,,,,,,,,,
men,科倫紐克,30,T1,mars,https://taipeimars.com.tw/team/215,,import,,洋將,C,210,123,1994/01/08,-,加盟: 2023-24賽季,,,,,,,,,,,,,
men,恩多,35,T1,mars,https://taipeimars.com.tw/team/208,,import,,洋將,C,211,113,1991/07/15,-,加盟: 2023-24賽季,,,,,,,,,,,,,
men,特威,13,T1,leopards,https://t-leopards.com/team/223,,import,,洋將,F,206,93,1996/10/04,-,加盟: 2023-24賽季,,,,,,,,,,,,,
men,卡森斯,15,T1,leopards,https://t-leopards.com/team/216,,import,,洋將,C,208,122,1990/08/13,-,加盟: 2023-24賽季,,,,,,,,,,,,,
men,武科維奇,17,T1,ghosthawks,https://ghosthawks.tw/team/221,,import,,洋將,F,208,100,1993/10/29,-,加盟: 2023-24賽季,,,,,,,,,,,,,
men,布拉,35,T1,ghosthawks,https://ghosthawks.tw/team/162,,import,,註銷,C,226,140,1992/12/02,-,加盟: 2022-23賽季,,,,,,,,,,,,,
men,鷹吉,55,T1,ghosthawks,https://ghosthawks.tw/team/219,,import,,洋將,C,208,108,1992/09/01,-,加盟: 2023-24賽季,,,,,,,,,,,,,
men,瓊斯,1,T1,aquas,https://ktown-aquas.com/team/166,,import,,洋將,F,211,100,1991/09/24,-,加盟: 2023-24賽季,,,,,,,,,,,,,
men,史考特,2,T1,aquas,https://ktown-aquas.com/team/222,,import,,洋將,G,187,90,1992/12/21,-,加盟: 2023-24賽季,,,,,,,,,,,,,
men,艾倫,32,T1,aquas,https://ktown-aquas.com/team/111,,import,,洋將,C,213,120,1992/09/11,-,加盟: 2023-24賽季,,,,,,,,,,,,,
men,菲爾斯,2,SBL,beer,https://sleague.tw/player/oldRoster/5954,,import,,洋將,-,204,-,1988/03/30,-,加盟: 2023-24賽季,,,,,,,,,,,,,
men,卡魯,4,SBL,bank,https://sleague.tw/player/oldRoster/7030,,import,,洋將,-,203,-,1999/04/09,-,加盟: 2023-24賽季,,,,,,,,,,,,,
men,布蘭登,1,SBL,yulon,https://sleague.tw/player/oldRoster/7028,,import,,洋將,-,205,-,1994/03/05,-,加盟: 2023-24賽季,,,,,,,,,,,,,
men,夏普,33,SBL,yulon,https://sleague.tw/player/oldRoster/301,,import,,註銷,-,204,-,1986/07/18,-,加盟: 2021-22賽季,,,,,,,,,,,,,
men,葛萊斯,40,SBL,bll,https://sleague.tw/player/oldRoster/7001,,import,,洋將,-,203,-,1994/05/07,-,加盟: 2023-24賽季,,,,,,,,,,,,,
,,,,,,,,,,,,,,,,,,,,,,,,,,,,
women,彭詩晴,23,WCBA,新疆國達氫,https://www.cba.net.cn/wcbaqyzhsj/index.jhtml?competitiOnId=56&seasOnId=1470&playerId=18845,active,local,,港澳台,G,165,63,1991/11/09,北市大學,加盟: 2023-24賽季,,,,,,,,,,,,,
women,張綺芳,31,WCBA,內蒙古農信,https://www.cba.net.cn/wcbaqyzhsj/index.jhtml?competitiOnId=56&seasOnId=1470&playerId=18905,active,local,,港澳台,G,174,67,1993/01/16,臺灣師大,加盟: 2023-24賽季,,,,,,,,,,,,,
women,陳晏宇,4,WCBA,上海浦發銀行,https://www.cba.net.cn/wcbaqyzhsj/index.jhtml?competitiOnId=56&seasOnId=1470&playerId=19052,active,local,,港澳台,G,171,64,1994/10/07,臺灣師大,加盟: 2023-24賽季,,,,,,,,,,,,,
women,林育庭,22,WCBA,東莞新彤盛,https://www.cba.net.cn/wcbaqyzhsj/index.jhtml?competitiOnId=56&seasOnId=1470&playerId=398541,active,local,,港澳台,G,178,67,1994/01/25,文化大學,加盟: 2023-24賽季,,,,,,,,,,,,,
women,黃郁婷,67,WCBA,陝西天澤,https://www.cba.net.cn/wcbaqyzhsj/index.jhtml?competitiOnId=56&seasOnId=1470&playerId=401833,active,local,,港澳台,G,165,54,1994/04/07,佛光大學,加盟: 2023-24賽季,,,,,,,,,,,,,
women,黃柔甄,4,WCBA,遼寧雙喜電器,https://www.cba.net.cn/wcbaqyzhsj/index.jhtml?competitiOnId=56&seasOnId=1470&playerId=401073,active,local,,港澳台,G,172,65,1997/06/16,文化大學,加盟: 2023-24賽季,,,,,,,,,,,,,
women,許筱彤<br>(秦安),31,韓國 WKBL,Hana 1Q,http://bnksumbasket.com/player2.php?no=31,active,local,,歸化,C,181,72,1996/03/23,韓國 水原女高,加盟: 2024/04/12,WKBL 釜山,,,,,,,,,,,,
women,謝羽姍,14,葡萄牙 PNB,Loures,https://www.instagram.com/pnbloures/,active,local,2023Rookie,-,G,161,60,2001/03/30,輔仁大學,加盟: 2023-24賽季 (新秀),,,,,,,,,,,,,
women,韓雅恩,4,WSBL,cathay,https://wsbl.meetagile.com/player/oldRoster/581,active,local,,本土,-,180,-,1995/01/01,文化大學,加盟: 2016-17賽季 (新秀),,,,,,,,,,,,,
women,黃凡珊,5,WSBL,cathay,https://wsbl.meetagile.com/player/oldRoster/496,active,local,,本土,-,175,-,1987/09/29,文化大學,加盟: 2019-20賽季,,,,,,,,,,,,,
women,黃鈴娟,6,WSBL,cathay,https://wsbl.meetagile.com/player/oldRoster/593,active,local,,本土,-,175,-,1994/12/06,文化大學,加盟: 2018-19賽季 (新秀),,,,,,,,,,,,,
women,藍浩語,7,WSBL,cathay,https://wsbl.meetagile.com/player/oldRoster/440,active,local,,本土,-,170,-,1983/08/02,文化大學,加盟: 2004-05賽季 (新秀),,,,,,,,,,,,,
women,羅蘋,8,WSBL,cathay,https://wsbl.meetagile.com/player/oldRoster/595,active,local,,本土,-,168,-,1996/04/02,文化大學,加盟: 2018-19賽季 (新秀),,,,,,,,,,,,,
women,徐玉蓮,9,WSBL,cathay,https://wsbl.meetagile.com/player/oldRoster/5504,active,local,2021Rookie,本土,-,176,-,1997/04/18,文化大學,保留名單: 2021-22賽季,,,,,,,,,,,,,
women,李宥叡,10,WSBL,cathay,https://wsbl.meetagile.com/player/oldRoster/487,active,local,,本土,-,180,-,1986/12/23,文化大學,加盟: 2005-06賽季 (新秀),,,,,,,,,,,,,
women,鄭伊秀,11,WSBL,cathay,https://wsbl.meetagile.com/player/oldRoster/578,active,local,,本土,-,178,-,1993/06/24,文化大學,加盟: 2013-14賽季 (新秀),,,,,,,,,,,,,
women,陳鈺君,13,WSBL,cathay,https://wsbl.meetagile.com/player/oldRoster/489,active,local,,本土,-,178,-,1987/03/07,文化大學,加盟: 2019-20賽季,,,,,,,,,,,,,
women,陳薇安,14,WSBL,cathay,https://wsbl.meetagile.com/player/oldRoster/594,active,local,,本土,-,177,-,1995/11/01,文化大學,加盟: 2018-19賽季 (新秀),,,,,,,,,,,,,
women,歐婕,15,WSBL,cathay,https://wsbl.meetagile.com/player/oldRoster/582,active,local,,本土,-,181,-,1995/05/08,文化大學,加盟: 2016-17賽季 (新秀),,,,,,,,,,,,,
women,劉昕妤,16,WSBL,cathay,https://wsbl.meetagile.com/player/oldRoster/649,active,local,2020Rookie,本土,-,180,-,1998/11/23,佛光大學,加盟: 2022-23賽季,,,,,,,,,,,,,
women,陳孟欣,17,WSBL,cathay,https://wsbl.meetagile.com/player/oldRoster/650,active,local,2020Rookie,本土,-,164,-,1999/10/07,佛光大學,加盟: 2022-23賽季,,,,,,,,,,,,,
women,黃巧鈞,18,WSBL,cathay,https://wsbl.meetagile.com/player/oldRoster/7014,active,local,2023Rookie,本土,-,172,-,2001/10/24,文化大學,保留名單: 2023-24賽季,,,,,,,,,,,,,
women,蕭豫玟,19,WSBL,cathay,https://wsbl.meetagile.com/player/oldRoster/7015,active,local,2023Rookie,本土,-,185,-,2005/03/05,HBL 淡水商工,保留名單: 2023-24賽季,,,,,,,,,,,,,
women,黃沁瑜,0,WSBL,taipower,https://wsbl.meetagile.com/player/oldRoster/5943,active,local,2022Rookie,本土,-,169,-,2000/08/30,佛光大學,2022 WSBL 選秀 - #4 順位,,,,,,,,,,,,,
women,蘇苡瑈,2,WSBL,taipower,https://wsbl.meetagile.com/player/oldRoster/556,active,local,,本土,-,175,-,1992/03/19,佛光大學,加盟: 2019-20賽季,,,,,,,,,,,,,
women,吳侑萱,7,WSBL,taipower,https://wsbl.meetagile.com/player/oldRoster/5781,active,local,2023Rookie,本土,-,183,-,1997/10/09,日本 體育大學,2023 WSBL 選秀 - #1 順位,,,,,,,,,,,,,
women,廖瑋晴,10,WSBL,taipower,https://wsbl.meetagile.com/player/oldRoster/7017,active,local,2023Rookie,本土,-,180,-,2001/01/14,北市大學,保留名單: 2023-24賽季,,,,,,,,,,,,,
women,王維琳,11,WSBL,taipower,https://wsbl.meetagile.com/player/oldRoster/571,active,local,,本土,-,181,-,1993/02/01,臺灣師大,加盟: 2023-24賽季,,,,,,,,,,,,,
women,戴宜庭,13,WSBL,taipower,https://wsbl.meetagile.com/player/oldRoster/652,active,local,2020Rookie,本土,-,176,-,1995/11/12,文化大學,加盟: 2023-24賽季,,,,,,,,,,,,,
women,林釵娟,14,WSBL,taipower,https://wsbl.meetagile.com/player/oldRoster/7016,active,local,2023Rookie,本土,-,174,-,2000/01/03,臺灣師大,2023 WSBL 選秀 - #4 順位,,,,,,,,,,,,,
women,張譯文,15,WSBL,taipower,https://wsbl.meetagile.com/player/oldRoster/599,active,local,,本土,-,174,-,1996/05/16,臺灣體大,加盟: 2018-19賽季 (新秀),,,,,,,,,,,,,
women,楊芷瑜,17,WSBL,taipower,https://wsbl.meetagile.com/player/oldRoster/603,active,local,2019Rookie,本土,-,180,-,1995/12/03,佛光大學,2019 WSBL 選秀 - #1 順位,,,,,,,,,,,,,
women,李吟娸,20,WSBL,taipower,https://wsbl.meetagile.com/player/oldRoster/5951,active,local,2022Rookie,本土,-,165,-,2000/09/20,世新大學,2022 WSBL 選秀 - #2 順位,,,,,,,,,,,,,
women,劉希曄,24,WSBL,taipower,https://wsbl.meetagile.com/player/oldRoster/558,active,local,,本土,-,174,-,1991/10/10,臺灣師大,加盟: 2019-20賽季,,,,,,,,,,,,,
women,林芷安,55,WSBL,taipower,https://wsbl.meetagile.com/player/oldRoster/551,active,local,,本土,-,165,-,1991/12/27,北市大學,加盟: 2010-11賽季 (新秀),,,,,,,,,,,,,
women,羅培儀,66,WSBL,taipower,https://wsbl.meetagile.com/player/oldRoster/659,active,local,2020Rookie,本土,-,163,-,2000/03/01,世新大學,加盟: 2023-24賽季,,,,,,,,,,,,,
women,彭惠貞,77,WSBL,taipower,https://wsbl.meetagile.com/player/oldRoster/605,active,local,2019Rookie,本土,-,169,-,1996/08/20,佛光大學,2019 WSBL 選秀 - #3 順位,,,,,,,,,,,,,
women,陳怡萱,0,WSBL,cht,https://wsbl.meetagile.com/player/oldRoster/5918,active,local,2021Rookie,本土,-,175,-,1997/11/27,臺灣師大,2021 WSBL 選秀 - #2 順位,,,,,,,,,,,,,
women,潘姿吟,2,WSBL,cht,https://wsbl.meetagile.com/player/oldRoster/559,active,local,,本土,-,170,-,1992/07/23,臺灣師大,加盟: 2016-17賽季,,,,,,,,,,,,,
women,許庭瑜,3,WSBL,cht,https://wsbl.meetagile.com/player/oldRoster/5945,active,local,2022Rookie,本土,-,176,-,1997/09/12,臺灣師大,保留名單: 2022-23賽季,,,,,,,,,,,,,
women,徐詩涵,4,WSBL,cht,https://wsbl.meetagile.com/player/oldRoster/5946,active,local,2022Rookie,本土,-,164,-,2000/07/15,臺灣師大,保留名單: 2022-23賽季,,,,,,,,,,,,,
women,陳靳豫萱,6,WSBL,cht,https://wsbl.meetagile.com/player/oldRoster/6912,active,local,2023Rookie,本土,-,173,-,2000/11/19,臺灣師大,保留名單: 2023-24賽季,,,,,,,,,,,,,
women,劉惠茹,7,WSBL,cht,https://wsbl.meetagile.com/player/oldRoster/606,active,local,2019Rookie,本土,-,162,-,1996/07/25,臺灣師大,保留名單: 2019-20賽季,,,,,,,,,,,,,
women,吳明臻,9,WSBL,cht,https://wsbl.meetagile.com/player/oldRoster/5947,active,local,2022Rookie,本土,-,169,-,1999/10/24,臺灣師大,保留名單: 2022-23賽季,,,,,,,,,,,,,
women,陳芷英,11,WSBL,cht,https://wsbl.meetagile.com/player/oldRoster/7013,active,local,2023Rookie,本土,-,174,-,2002/07/30,臺灣科大,2023 WSBL 選秀 - #2 順位,,,,,,,,,,,,,
women,黃湘婷,12,WSBL,cht,https://wsbl.meetagile.com/player/oldRoster/570,active,local,,本土,-,180,-,1993/01/26,臺灣師大,加盟: 2011-12賽季 (新秀),,,,,,,,,,,,,
women,王竫婷,13,WSBL,cht,https://wsbl.meetagile.com/player/oldRoster/5948,active,local,2022Rookie,本土,-,179,-,1998/02/21,佛光大學,2022 WSBL 選秀 - #1 順位,,,,,,,,,,,,,
women,陳雅彤,23,WSBL,cht,https://wsbl.meetagile.com/player/oldRoster/5949,active,local,2022Rookie,本土,-,180,-,2000/08/31,臺灣師大,保留名單: 2022-23賽季,,,,,,,,,,,,,
women,林玉書,30,WSBL,cht,https://wsbl.meetagile.com/player/oldRoster/590,active,local,,本土,-,169,-,1996/06/30,輔仁大學,加盟: 2018-19賽季 (新秀),,,,,,,,,,,,,
women,楊婉琳,31,WSBL,cht,https://wsbl.meetagile.com/player/oldRoster/5919,active,local,2021Rookie,本土,-,167,-,1997/08/15,佛光大學,2021 WSBL 選秀 - #3 順位,,,,,,,,,,,,,
women,王游乙文,88,WSBL,cht,https://wsbl.meetagile.com/player/oldRoster/654,active,local,2020Rookie,本土,-,174,-,1996/10/16,北市大學,2020 WSBL 選秀 - #2 順位,,,,,,,,,,,,,
women,林文佑,3,WSBL,taiyuen,https://wsbl.meetagile.com/player/oldRoster/592,active,local,,本土,-,180,-,1995/08/01,文化大學,加盟: 2018-19賽季 (新秀),,,,,,,,,,,,,
women,卓敬,6,WSBL,taiyuen,https://wsbl.meetagile.com/player/oldRoster/591,active,local,,本土,-,172,-,1997/10/13,世新大學,加盟: 2018-19賽季 (新秀),,,,,,,,,,,,,
women,朱育勤,7,WSBL,taiyuen,https://wsbl.meetagile.com/player/oldRoster/655,active,local,2020Rookie,本土,-,163,-,1996/04/01,北市大學,2020 WSBL 選秀 - #3 順位,,,,,,,,,,,,,
women,蔡佩真,10,WSBL,taiyuen,https://wsbl.meetagile.com/player/oldRoster/466,active,local,,本土,-,186,-,1984/05/27,北市大學,加盟: 2004-05賽季 (新秀),,,,,,,,,,,,,
women,吳盈潔,12,WSBL,taiyuen,https://wsbl.meetagile.com/player/oldRoster/553,active,local,,本土,-,178,-,1992/11/03,臺灣師大,加盟: 2019-20賽季,,,,,,,,,,,,,
women,黃英利,14,WSBL,taiyuen,https://wsbl.meetagile.com/player/oldRoster/504,active,local,,本土,-,170,-,1989/02/24,文化大學,加盟: 2022-23賽季,,,,,,,,,,,,,
women,許玟瑄,17,WSBL,taiyuen,https://wsbl.meetagile.com/player/oldRoster/7012,active,local,2023Rookie,本土,-,177,-,2000/01/17,世新大學,保留名單: 2023-24賽季,,,,,,,,,,,,,
women,史靜茹,18,WSBL,taiyuen,https://wsbl.meetagile.com/player/oldRoster/656,active,local,2020Rookie,本土,-,182,-,1995/11/06,北市大學,保留名單: 2020-21賽季,,,,,,,,,,,,,
women,張琦玟,19,WSBL,taiyuen,https://wsbl.meetagile.com/player/oldRoster/6914,active,local,2023Rookie,本土,-,179,-,2000/03/04,日本 環太平洋大學,2023 WSBL 選秀 - #3 順位,,,,,,,,,,,,,
women,宋佩欣,21,WSBL,taiyuen,https://wsbl.meetagile.com/player/oldRoster/5922,active,taiwanese,2021Rookie,華裔,-,176,-,1998/03/03,NCAA D1 UC Davis,加盟: 2021-22賽季 (新秀),,,,,,,,,,,,,
women,林蝶,22,WSBL,taiyuen,https://wsbl.meetagile.com/player/oldRoster/5779,active,local,2021Rookie,本土,-,179,-,1999/08/02,世新大學,保留名單: 2021-22賽季,,,,,,,,,,,,,
women,蘇嘉嫻,27,WSBL,taiyuen,https://wsbl.meetagile.com/player/oldRoster/5950,active,local,2022Rookie,本土,-,175,-,1999/09/27,世新大學,保留名單: 2022-23賽季,,,,,,,,,,,,,
women,羅培甄,35,WSBL,taiyuen,https://wsbl.meetagile.com/player/oldRoster/658,active,local,2020Rookie,本土,-,175,-,1998/10/11,世新大學,保留名單: 2020-21賽季,,,,,,,,,,,,,
women,彭曉彤,55,WSBL,taiyuen,https://wsbl.meetagile.com/player/oldRoster/589,active,local,,本土,-,170,-,1998/02/19,文化大學,加盟: 2017-18賽季 (新秀),,,,,,,,,,,,,
women,凱拉喬治,3,WSBL,cathay,https://wsbl.meetagile.com/player/oldRoster/7033,,import,,洋將,-,193,-,1989/05/01,-,加盟: 2023-24賽季,,,,,,,,,,,,,
women,霍利維,1,WSBL,cht,https://wsbl.meetagile.com/player/oldRoster/7031,,import,,洋將,-,193,-,1993/10/24,-,加盟: 2023-24賽季,,,,,,,,,,,,,
women,莫里斯,20,WSBL,taiyuen,https://wsbl.meetagile.com/player/oldRoster/7032,,import,,洋將,-,198,-,1998/11/27,-,加盟: 2023-24賽季,,,,,,,,,,,,,